Oda Sicil No,Ticari Sicil No,Şirket Türü,Mahalle Adı,İlçe Adı,Meslek Grubu Numarası,Meslek Grubu Adı,Ünvanı,Tescilli Adresi
2191941,233317,LİMİTED,KEMALPAŞA,BORNOVA,73,MADENCİLİK VE MERMER GRUBU,1800 BEKEN KATI YAKIT SANAYİ VE TİCARET LİMİTED ŞİRKETİ ,KEMALPAŞA MAHALLESİ 7416/3 SOKAK NO:4 BORNOVA / İZMİR
1770101,190795,ANONİM,ALAYBEY,KARŞIYAKA,73,MADENCİLİK VE MERMER GRUBU,2023 MADEN İNŞAAT TİCARET ANONİM ŞİRKETİ,ALAYBEY MAHALLESİ 1671 SK. GİRİTLİGİL APT. NO: 55/1 KARŞIYAKA/İZMİR
2184751,232588,LİMİTED,ALTINTEPE,MENDERES,73,MADENCİLİK VE MERMER GRUBU,2M KÖMÜR VE ORMAN ÜRÜNLERİ İTHALAT İHRACAT PAZARLAMA TİCARET LİMİTED ŞİRKETİ,ALTINTEPE MAH. ARMUTLUK 3 SK. NO: 12 MENDERES / İZMİR
1992121,213183,LİMİTED,LİMANREİS,NARLIDERE,73,MADENCİLİK VE MERMER GRUBU,3B PAK MADENCİLİK İNŞAAT SANAYİ VE TİCARET LİMİTED ŞİRKETİ,LİMANREİS MAH. TÜRKER SK. NO: 32/1 NARLIDERE / İZMİR
1798521,193667,ANONİM,İSKELE,URLA,73,MADENCİLİK VE MERMER GRUBU,3P1N MÜHENDİSLİK SANAYİ VE TİCARET ANONİM ŞİRKETİ,İSKELE MAH. 2012 SK. NO: 19 URLA / İZMİR
2187951,232905,ANONİM,ADALET,BAYRAKLI,73,MADENCİLİK VE MERMER GRUBU,5K DOĞAL KAYNAKLAR VE MADENCİLİK SANAYİ TİCARET ANONİM ŞİRKETİ ,ADALET MAH. MAHALLESİ MANAS BLV NO:47/B FOLKART TOWERS BLOK İÇ KAPI NO: 4201 BAYRAKLI / İZMİR
2305079,255025,ANONİM,ÇINARLI,KONAK,73,MADENCİLİK VE MERMER GRUBU,ACS TERRAZZO AND MARBLE MADENCİLİK İTHALAT VE İHRACAT ANONİM ŞİRKETİ,ÇINARLI MAH. ANKARA ASFALTI CAD. NO: 15 İÇ KAPI NO: 391 KONAK / İZMİR
1408291,153712,LİMİTED,FATİH,GAZİEMİR,73,MADENCİLİK VE MERMER GRUBU,AÇI ALÜMİNYUM PROFİL PVC PLASTİK OTO KİRALAMA SANAYİ VE TİCARET LİMİTED ŞİRKETİ,FATİH MAH. 1178 SK. NO: 9 GAZİEMİR / İZMİR
2174391,231529,LİMİTED,MERSİNLİ,KONAK,73,MADENCİLİK VE MERMER GRUBU,ADEM ÖZGÜN METAL VE METAL ÜRÜNLERİ OTOMOTİV SANAYİ VE TİCARET LİMİTED ŞİRKETİ,MERSİNLİ MAHALLESİ 2838 SOKAK NO: 7 İÇ KAPI NO: Z1 KONAK / İZMİR
2297276,247196,LİMİTED,ADALET,BAYRAKLI,73,MADENCİLİK VE MERMER GRUBU,ADES İÇ VE DIŞ TİCARET SANAYİ LİMİTED ŞİRKETİ,ADALET MAH. ANADOLU CAD. MEGAPOL TOWER NO: 41 İÇ KAPI NO: 081 BAYRAKLI / İZMİR
2001201,214108,ANONİM,KÜLTÜR,KONAK,73,MADENCİLİK VE MERMER GRUBU,AEG MADENCİLİK SANAYİ VE TİCARET ANONİM ŞİRKETİ,KÜLTÜR MAHALLESİ MUSTAFA MÜNİR BİRSEL SK. KORULUK APARTMAN A BLOK APT. NO: 26/3 KONAK/İZMİR
1983891,212385,ANONİM,MANSUROĞLU,BAYRAKLI,73,MADENCİLİK VE MERMER GRUBU,AEGEAN ORE MADENCİLİK ANONİM ŞİRKETİ ,MANSUROĞLU MAHALLESİ 286/3 SOK. NO: 14 B/0 BAYRAKLI / İZMİR
1271391,140423,ANONİM,POSTACILAR,BAYRAKLI,73,MADENCİLİK VE MERMER GRUBU,AFROMİN MADENCİLİK SANAYİ VE TİCARET ANONİM ŞİRKETİ,POSTACILAR MAH. 7600 SK. NO: 43A BAYRAKLI / İZMİR
1874611,201368,LİMİTED,ALTINTAŞ,URLA,73,MADENCİLİK VE MERMER GRUBU,AFYONKARDEŞLER MERMER SANAYİ VE TİCARET LİMİTED ŞİRKETİ ,ALTINTAŞ MAHALLESİ AHMET BESİM UYAL CADDESİ NO:25 URLA / İZMİR
2294296,244194,LİMİTED,ALSANCAK,KONAK,73,MADENCİLİK VE MERMER GRUBU,AGA METAL SANAYİ VE TİCARET LİMİTED ŞİRKETİ,ALSANCAK MAH. 1472 SK. BATI NO: 30 İÇ KAPI NO: 6 KONAK / İZMİR
2221511,236283,LİMİTED,FATİH,GAZİEMİR,73,MADENCİLİK VE MERMER GRUBU,AGROVIYA İTHALAT İHRACAT MADENCİLİK SANAYİ TİCARET LİMİTED ŞİRKETİ,FATİH MAH. 1204 SK. NO: 4 GAZİEMİR / İZMİR
1451771,157819,LİMİTED,DOĞANLAR,BORNOVA,73,MADENCİLİK VE MERMER GRUBU,AĞIRMAT METAL TURİZM GIDA TARIM HAYVANCILIK SANAYİ VE TİCARET LİMİTED  ŞİRKETİ,DOĞANLAR MAHALLESİ 1534 SOKAK NO: 5 BORNOVA / İZMİR
1777751,191553,ANONİM,TUNA,BORNOVA,73,MADENCİLİK VE MERMER GRUBU,AKALSAN YAPI ALÜMİNYUM SANAYİ VE TİCARET ANONİM ŞİRKETİ,TUNA MAH. 5617 SK. NO: 4 BORNOVA / İZMİR
2297367,247281,ANONİM,YAŞAR KEMAL,KARABAĞLAR,73,MADENCİLİK VE MERMER GRUBU,AKÇAKAYA MERMER MADENCİLİĞİ ANONİM ŞİRKETİ,YAŞAR KEMAL MAH. 6002 SK. TOKİ UZUNDERE KONUTLARI SİTESİ NO: 3 İÇ KAPI NO: 50 KARABAĞLAR / İZMİR
468381,66157,LİMİTED,AYDIN,KARABAĞLAR,73,MADENCİLİK VE MERMER GRUBU,AKDENİZ PANJUR SANAYİ VE TİCARET LİMİTED ŞİRKETİ ,AYDIN MAHALLESİ 4306 SOK. NO: 17 A/- KARABAĞLAR / İZMİR
200481,95203,ANONİM,KÜLTÜR,KONAK,73,MADENCİLİK VE MERMER GRUBU,AK-EGE MADENCİLİK NAKLİYAT TURİZM İNŞAAT TAAHHÜT VE YAPI MALZEMELERİ SANAYİ TİCARET ANONİM ŞİRKETİ,KÜLTÜR MAHALLESİ MUSTAFA MÜNİR BİRSEL SOKAK NO:4/1/201 KONAK/İZMİR
1927181,206651,LİMİTED,ILICA,NARLIDERE,73,MADENCİLİK VE MERMER GRUBU,AKHAN GRUP MADEN İNŞAAT SANAYİ VE DIŞ TİCARET LİMİTED ŞİRKETİ ,ILICA MAHALLESİ ŞEHİT KEREM OĞUZ ERBAY SOKAK C BLOK Apt. NO: 6 C NARLIDERE / İZMİR
2161681,230244,LİMİTED,ULUCAK CUMHURİYET MH,KEMALPAŞA,73,MADENCİLİK VE MERMER GRUBU,AKİZ METAL ELEKTRİK ELEKTRONİK HIRDAVAT SANAYİ VE TİCARET LİMİTED ŞİRKETİ,ULUCAK CUMHURİYET MH MAHALLESİ 107 SOKAK NO:11/B FATMA ZEHRA BLOK İÇ KAPI NO: 1 KEMALPAŞA / İZMİR
1601331,174000,LİMİTED,BAHRİYE ÜÇOK,KARŞIYAKA,73,MADENCİLİK VE MERMER GRUBU,AKO METAL DEMİR ÇELİK MAKİNA TEDARİK HİZMETLERİ SANAYİ VE TİCARET LİMİTED ŞİRKETİ,BAHRİYE ÜÇOK MAH. 1762 SK. NO: 9 İÇ KAPI NO: 1 KARŞIYAKA / İZMİR
1238281,136901,LİMİTED,ATAŞEHİR,ÇİĞLİ,73,MADENCİLİK VE MERMER GRUBU,AKODEM DEMİR VE METAL ÜRÜNLERİ İNŞAAT NAKLİYAT TAAHHÜT SANAYİ VE TİCARET LİMİTED ŞİRKETİ,ATAŞEHİR MAHALLESİ NO:29/A 8212 SK. ÇİĞLİ / İZMİR
2212611,235384,ANONİM,HÜRRİYET,MENDERES,73,MADENCİLİK VE MERMER GRUBU,AKSEKİ YAPI ANONİM ŞİRKETİ MENDERES 2 ŞUBESİ,HÜRRİYET MAH. UĞUR MUMCU BUL. NO: 9 İÇ KAPI NO: 1 MENDERES / İZMİR
2294376,244263,ANONİM,YENİKALE,NARLIDERE,73,MADENCİLİK VE MERMER GRUBU,ALACAKAYA MERMER VE MADEN İŞLETMESİ TİCARET VE SANAYİ ANONİM ŞİRKETİ İZMİR ŞUBESİ,YENİKALE MAH. MİTHATPAŞA CAD. NO: 146B NARLIDERE / İZMİR
1163591,129256,LİMİTED,NERGİZ,KARŞIYAKA,73,MADENCİLİK VE MERMER GRUBU,ALATTİN KAHRAMAN MADENCİLİK ORMAN ÜRÜNLERİ İNŞAAT TAŞIMACILIK SANAYİ TİCARET LİMİTED ŞİRKETİ,NERGİZ MAHALLESİ ALİ ALP BÖKE CADDESİ NO: 50 A KARŞIYAKA / İZMİR
1966991,210671,LİMİTED,KÜÇÜK ÇİĞLİ,ÇİĞLİ,73,MADENCİLİK VE MERMER GRUBU,ALMAR METAL ALÜMİNYUM SANAYİ TİCARET LİMİTED ŞİRKETİ,KÜÇÜK ÇİĞLİ MAHALLESİ 8780/2 SK. NO: 27 ÇİĞLİ/İZMİR
1921241,206058,LİMİTED,KASIMPAŞA,MENDERES,73,MADENCİLİK VE MERMER GRUBU,ALMİN MERMER SANAYİ VE TİCARET LİMİTED ŞİRKETİ ,KASIMPAŞA MAHALLESİ ATATÜRK CAD. NO:99/10 MENDERES / İZMİR
1740591,187821,ANONİM,ILICA,NARLIDERE,73,MADENCİLİK VE MERMER GRUBU,ALMUR METALURJİ SANAYİ VE TİCARET ANONİM ŞİRKETİ,ILICA MAHALLESİ ERDAL İNÖNÜ CAD. NO: 9/9 NARLIDERE/İZMİR
1043701,116407,LİMİTED,KARACAOĞLAN,NO:8/Z-11,73,MADENCİLİK VE MERMER GRUBU,ALON METAL MAKİNA METALURJİ OTOMOTİV YEDEK PARÇA SANAYİ VE TİCARET LİMİTED ŞİRKETİ,KARACAOĞLAN MAHALLESİ 6169 SK. NO:8/Z-11 / İZMİR
2024521,216467,LİMİTED,KARACAOĞLAN,BORNOVA,73,MADENCİLİK VE MERMER GRUBU,ALPERAX ALÜMİNYUM VE AKSESUAR SANAYİ VE TİCARET LİMİTED ŞİRKETİ ,KARACAOĞLAN MAHALLESİ 6170/2 NO:2 BORNOVA / İZMİR
1260831,139434,LİMİTED,FATİH,GAZİEMİR,73,MADENCİLİK VE MERMER GRUBU,ALS LABORATUAR HİZMETLERİ LİMİTED ŞİRKETİ ,FATİH MAHALLESİ EGE CADDESI NO:7/B SARNIÇ GAZİEMİR / İZMİR
1293001,142476,LİMİTED,HACI MAHMUT,KONAK,73,MADENCİLİK VE MERMER GRUBU,ALT MADENCİLİK SANAYİ VE TİCARET LİMİTED ŞİRKETİ,HACI MAHMUT MAHALLESİ 848 SOK. NO:45/306 KONAK / İZMİR
2300055,249980,LİMİTED,AOSB,ÇİĞLİ,73,MADENCİLİK VE MERMER GRUBU,ALUCENTER ALÜMİNYUM CAM BALKON SİSTEMLERİ SANAYİ VE TİCARET LİMİTED ŞİRKETİ,AOSB MAH. M. KEMAL ATATÜRK BUL. NO: 36 ÇİĞLİ / İZMİR
1697221,183607,ANONİM,FATİH,GAZİEMİR,73,MADENCİLİK VE MERMER GRUBU,ALUMİL EGE ALÜMİNYUM SANAYİ VE TİCARET ANONİM ŞİRKETİ ,FATİH MAHALLESİ 1188 SOKAK NO:13/B GAZİEMİR / İZMİR
2111421,225212,LİMİTED,9 EYLÜL,GAZİEMİR,73,MADENCİLİK VE MERMER GRUBU,ALÜMİNA AKSESUAR PVC ALÜMİNYUM PROFİL SANAYİ VE TİCARET LİMİTED  ŞİRKETİ,9 EYLÜL MAHALLESİ 695 SOKAK NO:7/H GAZİEMİR / İZMİR
2150061,229082,LİMİTED,MERSİNLİ,KONAK,73,MADENCİLİK VE MERMER GRUBU,AMADE METAL İNŞAAT GIDA SANAYİ VE TİCARET LİMİTED ŞİRKETİ ,MERSİNLİ MAHALLESİ 2825 SOK. NO:5/A KONAK / İZMİR
1920501,205968,LİMİTED,AKDENİZ,KONAK,73,MADENCİLİK VE MERMER GRUBU,ANCHOR MADEN VE MİNERAL SANAYİ TİCARET LİMİTED ŞİRKETİ,AKDENİZ MAHALLESİ ŞEHİT FETHİBEY CAD. NO: 55/091 KONAK/İZMİR
2218391,235966,ANONİM,TURGUT REİS,KONAK,73,MADENCİLİK VE MERMER GRUBU,ARAS ARSLAN MADEN İNŞAAT ANONİM ŞİRKETİ ,TURGUT REİS MAHALLESİ MİTHATPAŞA CADDESİ ATA BLOK NO: 372 İÇ KAPI NO: 5 KONAK / İZMİR
2304784,254728,ANONİM,FATİH,GAZİEMİR,73,MADENCİLİK VE MERMER GRUBU,ARBEY ALÜMİNYUM İTHALAT İHRACAT SANAYİ VE TİCARET ANONİM ŞİRKETİ,FATİH MAH. EGE CAD. NO: 24 GAZİEMİR / İZMİR
1682631,182134,LİMİTED,YUNUS EMRE,BORNOVA,73,MADENCİLİK VE MERMER GRUBU,AREL ALÜMİNYUM PASLANMAZ VE İNŞAAT MALZEMELERİ TURİZM İTHALAT İHRACAT SANAYİ VE TİCARET LİMİTED ŞİRKETİ,YUNUS EMRE MAH. 7521/1 SK. NO: 30D BORNOVA / İZMİR
1686251,182511,LİMİTED,OĞLANANASI ATATÜRK,MENDERES,73,MADENCİLİK VE MERMER GRUBU,AREL MERMER GRANİT İNŞAAT TİCARET LİMİTED ŞİRKETİ ,OĞLANANASI ATATÜRK MAHALLESİ 3 CAD. NO: 154 MENDERES / İZMİR
2306589,256551,ANONİM,ADALET,BAYRAKLI,73,MADENCİLİK VE MERMER GRUBU,ARİA BLACK STONE MADENCİLİK SANAYİ VE TİCARET ANONİM ŞİRKETİ,ADALET MAH. MANAS BUL. FOLKART TOWERS NO: 39 İÇ KAPI NO: 2504 BAYRAKLI / İZMİR
1966051,210581,ANONİM,MANSUROĞLU,BAYRAKLI,73,MADENCİLİK VE MERMER GRUBU,ARİA MADENCİLİK SANAYİ VE TİCARET ANONİM ŞİRKETİ,MANSUROĞLU MAH. 286/3 SK. NO: 14B BAYRAKLI / İZMİR
2308005,257955,ANONİM,KASIMPAŞA,MENDERES,73,MADENCİLİK VE MERMER GRUBU,ARKEM TURİZM İNŞAAT GIDA TARIM MADENCİLİK SANAYİ VE TİCARET ANONİM ŞİRKETİ MENDERES ŞUBESİ,KASIMPAŞA MAH. ATATÜRK CAD. NO: 99 İÇ KAPI NO: 11 MENDERES / İZMİR
2133841,227452,ANONİM,ÇOLAK İBRAHİM BEY,SEFERİHİSAR,73,MADENCİLİK VE MERMER GRUBU,ARMONA YAPI ANONİM ŞİRKETİ,ÇOLAK İBRAHİM BEY MAH. İZMİR CAD. NO: 124/1B SEFERİHİSAR / İZMİR
1143381,127342,LİMİTED,ADALET,BAYRAKLI,73,MADENCİLİK VE MERMER GRUBU,ARSEM METAL TAŞIMACILIK ELEKTRİK TEKSTİL TURİZM PEYZAJ İNŞAAT İTHALAT İHRACAT SANAYİ VE TİCARET LİMİTED ŞİRKETİ,ADALET MAH. MANAS BUL. FOLKART TOWERS NO: 47B İÇ KAPI NO: 3509 BAYRAKLI / İZMİR
1216641,134395,LİMİTED,KASIMPAŞA,MENDERES,73,MADENCİLİK VE MERMER GRUBU,ARSLANLAR TAAHHÜT İNŞAAT HAFRİYAT MADEN SANAYİ TİCARET LİMİTED ŞİRKETİ,KASIMPAŞA MAHALLESİ ATATÜRK CAD. NO: 99/11 MENDERES/İZMİR
2296521,246449,ANONİM,GAZİ,GAZİEMİR,73,MADENCİLİK VE MERMER GRUBU,ARYOM MADEN VE MADENCİLİK TEKNOLOJİLERİ SANAYİ VE TİCARET ANONİM ŞİRKETİ,GAZİ MAH. 28/30 SK. NO: 18 İÇ KAPI NO: 1 GAZİEMİR / İZMİR
2095941,223659,LİMİTED,ÇANKAYA,KONAK,73,MADENCİLİK VE MERMER GRUBU,ASİA POLYMER DIŞ TİCARET LİMİTED ŞİRKETİ ,ÇANKAYA MAHALLESİ MİTHATPAŞA CADDESİ NO:798/1C KADIOĞLU BLOK KONAK / İZMİR
1943871,208332,ANONİM,MERSİNLİ,KONAK,73,MADENCİLİK VE MERMER GRUBU,ASKON MADENCİLİK SANAYİ VE TİCARET ANONİM ŞİRKETİ ,MERSİNLİ MAHALLESİ 2829 SOKAK NO: 25 İÇ KAPI NO: 201 KONAK / İZMİR
2246611,238814,LİMİTED,EMREZ,GAZİEMİR,73,MADENCİLİK VE MERMER GRUBU,ASSTONE MERMER İNŞAAT SANAYİ VE TİCARET LİMİTED ŞİRKETİ ,EMREZ MAHALLESİ 120 SOKAK NO:54/A GAZİEMİR / İZMİR
2303561,253516,LİMİTED,ADALET,BAYRAKLI,73,MADENCİLİK VE MERMER GRUBU,ATA YAKACAK ÜRÜNLERİ VE LOJİSTİK SANAYİ TİCARET LİMİTED ŞİRKETİ,ADALET MAH. MANAS BUL. NO: 39 İÇ KAPI NO: 3408 BAYRAKLI / İZMİR
2137381,227805,LİMİTED,CUMHURİYET,KARŞIYAKA,73,MADENCİLİK VE MERMER GRUBU,ATAM ÇELİK DEMİR SANAYİ VE TİCARET LİMİTED ŞİRKETİ ,CUMHURİYET MAHALLESİ ALİM DAĞHAN SK. NO: 1/1 İÇ KAPI NO: 4 KARŞIYAKA / İZMİR
2142621,228338,ANONİM,KEMALPAŞA OSB,KEMALPAŞA,73,MADENCİLİK VE MERMER GRUBU,ATTRA DOĞAL TAŞ ANONİM ŞİRKETİ,KEMALPAŞA OSB MAH. GÜNEY SANAYİ CAD. NO: 25 KEMALPAŞA / İZMİR
636111,78975,ANONİM,AKDENİZ,KONAK,73,MADENCİLİK VE MERMER GRUBU,AVDAN MADENCİLİK ENERJİ SANAYİ VE TİCARET ANONİM ŞİRKETİ,AKDENİZ MAHALLESİ ŞEHİT FETHİBEY CAD. HERİS TOWER APT. NO: 55/172 KONAK/İZMİR
2092561,223309,LİMİTED,ORG.NAFİZ GÜRMAN,BAYRAKLI,73,MADENCİLİK VE MERMER GRUBU,AYAZ ENERJİ OTOMOTİV MADENCİLİK REKLAM İTHALAT VE İHRACAT TİCARET LİMİTED ŞİRKETİ,ORG.NAFİZ GÜRMAN MAH. ATATÜRK CAD. NO: 230B BAYRAKLI / İZMİR
811861,128596,LİMİTED,ETİLER,KONAK,73,MADENCİLİK VE MERMER GRUBU,AYAZOĞLU-AKTAŞ MERMER MADEN İNŞAAT TAAHHÜT AKARYAKIT NAKLİYAT GIDA TURİZM SANAYİ TİCARET LİMİTED ŞİRKETİ,ETİLER MAHALLESİ BOZKURT CADDESİ NO:29/21 KARAKURT İŞ MERKEZİ Apt. KONAK / İZMİR
2246451,238807,LİMİTED,ADALET,BAYRAKLI,73,MADENCİLİK VE MERMER GRUBU,AYC DEMİR ÇELİK SANAYİ VE TİCARET LİMİTED ŞİRKETİ ,ADALET MAHALLESİ ŞEHİT POLİS FETİH SEKİN CAD. NO: 6 İÇ KAPI NO: 285 BAYRAKLI / İZMİR
1404391,153354,LİMİTED,ÇINARLI,KONAK,73,MADENCİLİK VE MERMER GRUBU,AYDIN LİNYİT PAZARLAMA LİMİTED ŞİRKETİ ,ÇINARLI MAH. ANKARA ASFALTI CAD. NO: 15 İÇ KAPI NO: 231 KONAK / İZMİR
501071,69025,LİMİTED,ADALET,BAYRAKLI,73,MADENCİLİK VE MERMER GRUBU,AYDINLAR MADENCİLİK İNŞAAT TARIM ÜRÜNLERİ HAYVANCILIK SANAYİ VE TİCARET LİMİTED ŞİRKETİ,ADALET MAH. MANAS BUL. FOLKART TOWERS BLOK NO: 47B İÇ KAPI NO: 3403 BAYRAKLI / İZMİR
2304305,254249,ANONİM,ALAÇATI,ÇEŞME,73,MADENCİLİK VE MERMER GRUBU,AYDOĞDU BİMS MADENCİLİK SANAYİ VE TİCARET ANONİM ŞİRKETİ,ALAÇATI MAH. AKÇAKAYA MEVKİİ KÜME EVLERİ DÜRBÜN NO: 1 ÇEŞME / İZMİR
2307668,257632,LİMİTED,KEMALPAŞA OSB,KEMALPAŞA,73,MADENCİLİK VE MERMER GRUBU,AZURE MAKİNE ENERJİ İTHALAT İHRACAT SANAYİ VE TİCARET LİMİTED ŞİRKETİ İZMİR ŞUBESİ,KEMALPAŞA OSB MAH. İZMİR CAD. NO: 85/1 KEMALPAŞA / İZMİR
2188231,232933,ANONİM,İNÖNÜ,BORNOVA,73,MADENCİLİK VE MERMER GRUBU,BA TIN MADENCİLİK ANONİM ŞİRKETİ,İNÖNÜ MAH. 741/1 SK. NO: 7 İÇ KAPI NO: 4 BORNOVA / İZMİR
2063581,220389,ANONİM,ALSANCAK,KONAK,73,MADENCİLİK VE MERMER GRUBU,BABELCE DIŞ TİCARET ANONİM ŞİRKETİ,ALSANCAK MAHALLESİ 1456 SK. BAROHAN APT. NO: 16/25 KONAK/İZMİR
2199951,234119,ANONİM,AKDENİZ,KONAK,73,MADENCİLİK VE MERMER GRUBU,BAKIRÇAY ENERJİ MADENCİLİK SANAYİ VE TİCARET ANONİM ŞİRKETİ İZMİR ŞUBESİ,AKDENİZ MAHALLESİ ŞEHİT FETHİBEY CADDESİ HERİS TOWER BLOK NO: 55 İÇ KAPI NO: 171 KONAK / İZMİR
1963941,210374,LİMİTED,ÇINARLI,KONAK,73,MADENCİLİK VE MERMER GRUBU,BALCI DEMİR ÇELİK SANAYİ VE TİCARET LİMİTED ŞİRKETİ ,ÇINARLI MAHALLESİ ANKARA ASFALTI CADDESİ NO:15/421 KONAK / İZMİR
664441,80938,LİMİTED,KEMALPAŞA,BORNOVA,73,MADENCİLİK VE MERMER GRUBU,BAŞAK KURU ÇİÇEKÇİLİK TARIM ÜRÜNLERİ TOPRAK SANAYİ VE TİCARET LİMİTED ŞİRKETİ,KEMALPAŞA MAHALLESİ 7073 SOKAK NO:11 PINARBAŞI BORNOVA / İZMİR
1256881,138861,LİMİTED,SEYHAN,AKINCILAR,73,MADENCİLİK VE MERMER GRUBU,BAŞEĞMEZ MERMER METAL NAKLİYE İNŞAAT TEKSTİL MOBİLYA TURİZM GIDA SANAYİ VE TİCARET LİMİTED ŞİRKETİ,SEYHAN MAHALLESİ AKINCILAR / İZMİR
1502331,162840,LİMİTED,KÖYİÇİ,ÇİĞLİ,73,MADENCİLİK VE MERMER GRUBU,BAYINDIR MAKİNA MADENCİLİK İNŞAAT OTOMOTİV TURİZM SANAYİ VE TİCARET LİMİTED ŞİRKETİ,KÖYİÇİ MAHALLESİ KÖYİÇİ CAD. NO: 80 A ÇİĞLİ/İZMİR
1763751,190143,ANONİM,GERMİYAN,ÇEŞME,73,MADENCİLİK VE MERMER GRUBU,BEF MADENCİLİK SANAYİ VE TİCARET ANONİM ŞİRKETİ,GERMİYAN MAHALLESİ OCAK KÜME EVLERİ NO: 22/_ ÇEŞME/İZMİR
431791,2236,ANONİM,KAVAKLIDERE,BORNOVA,73,MADENCİLİK VE MERMER GRUBU,BEMAŞ BETON MAMÜLLERİ VE İNŞAAT MALZEMELERİ ANONİM ŞİRKETİ,KAVAKLIDERE MAH. 9501 SK. NO: 22 BORNOVA / İZMİR
2138841,227952,ANONİM,İÇMELER,URLA,73,MADENCİLİK VE MERMER GRUBU,BEMAŞ BETON MAMÜLLERİ VE İNŞAAT MALZEMELERİ ANONİM ŞİRKETİ URLA  İÇMELER ŞUBESİ,İÇMELER MAHALLESİ 1190 SK. NO:4/1 URLA / İZMİR
531131,242,ANONİM,İÇMELER,URLA,73,MADENCİLİK VE MERMER GRUBU,BEMAŞ BETON MAMÜLLERİ VE İNŞAAT MALZEMELERİ ANONİM ŞİRKETİ URLA ŞUBESİ,İÇMELER MAHALLESİ 1190 SK. NO:4 URLA / İZMİR
1919071,205839,LİMİTED,MEHMET AKİF ERSOY,KEMALPAŞA,73,MADENCİLİK VE MERMER GRUBU,BESTFEED GIDA TARIM HAYVANCILIK İLAÇ KİMYA SANAYİ TİCARET LİMİTED ŞİRKETİ,MEHMET AKİF ERSOY MAH. 502 SK. NO: 5 İÇ KAPI NO: 3 KEMALPAŞA / İZMİR
2150531,229126,ANONİM,KÜLTÜR,KONAK,73,MADENCİLİK VE MERMER GRUBU,BEYDERE TEKNOLOJİ MADENCİLİK DANIŞMANLIK MÜHENDİSLİK SANAYİ VE TİCARET ANONİM ŞİRKETİ,KÜLTÜR MAH. ATATÜRK CAD. SELVİLİ BLOK NO: 228 İÇ KAPI NO: 5 KONAK / İZMİR
2303696,253632,ANONİM,GAZİ,GAZİEMİR,73,MADENCİLİK VE MERMER GRUBU,BHC DEMİR ÇELİK SANAYİ VE TİCARET ANONİM ŞİRKETİ,GAZİ MAH. 28/30 SK. NO: 11 İÇ KAPI NO: 1 GAZİEMİR / İZMİR
1356441,148663,ANONİM,SASALI MERKEZ,ÇİĞLİ,73,MADENCİLİK VE MERMER GRUBU,BİNBİR GIDA TARIM ÜRÜNLERİ SANAYİ VE TİCARET ANONİM ŞİRKETİ - ÇAMALTI TUZ İŞLETMESİ ŞUBESİ,SASALI MERKEZ MAHALLESİ AHMET PİRİŞTİNA CD. NO:11 ÇİĞLİ / İZMİR
2069051,220937,ANONİM,SAHİLEVLERİ,NARLIDERE,73,MADENCİLİK VE MERMER GRUBU,BLT MERMER İNŞAAT SANAYİ VE TİCARET ANONİM ŞİRKETİ,SAHİLEVLERİ MAH. KALE SK. NO: 79 İÇ KAPI NO: 1 NARLIDERE / İZMİR
2304560,254506,ANONİM,MANSUROĞLU,BAYRAKLI,73,MADENCİLİK VE MERMER GRUBU,BOYLU MADENCİLİK İNŞAAT LOJİSTİK TİCARET ANONİM ŞİRKETİ,MANSUROĞLU MAH. 286/3 SK. NO: 14B BAYRAKLI / İZMİR
1406201,142269,ANONİM,ATIFBEY,GAZİEMİR,73,MADENCİLİK VE MERMER GRUBU,BOZDAĞ ZİRAİ İLAÇ MADEN SANAYİ VE TİCARET ANONİM ŞİRKETİ,ATIFBEY MAH. 5 SK. NO: 31 İÇ KAPI NO: 101 GAZİEMİR / İZMİR
1805261,194349,LİMİTED,MANSUROĞLU,BAYRAKLI,73,MADENCİLİK VE MERMER GRUBU,BOZDEMİR ENERJİ SANAYİ VE TİCARET LİMİTED ŞİRKETİ ,MANSUROĞLU MAHALLESİ 292 SOK. NO:11/8 BAYRAKLI / İZMİR
2164661,230543,LİMİTED,LATİFE HANIM,KARŞIYAKA,73,MADENCİLİK VE MERMER GRUBU,BRM MERMER İNŞAAT MOBİLYA GIDA OTOMOTİV EMLAK SANAYİ VE TİCARET  LİMİTED ŞİRKETİ,LATİFE HANIM MAHALLESİ 7691 SOKAK NO:32 İÇ KAPI NO: 1 KARŞIYAKA KARŞIYAKA / İZMİR
2303815,253756,LİMİTED,GÜRPINAR,BORNOVA,73,MADENCİLİK VE MERMER GRUBU,BTM ALÜMİNYUM DEMİR ÇELİK VE İNŞAAT SANAYİ TİCARET LİMİTED ŞİRKETİ,GÜRPINAR MAH. 7232/3 SK. AY-KOOP SİTESİ NO: 36A BORNOVA / İZMİR
1290141,142284,LİMİTED,SAHİLEVLERİ,NARLIDERE,73,MADENCİLİK VE MERMER GRUBU,BULUTOĞULLARI MERMER DEMİR ÇELİK NAKLİYE İNŞAAT ELEKTRİK SANAYİ VE TİCARET LİMİTED ŞİRKETİ,SAHİLEVLERİ MAHALLESİ KALE SK. NO:79 NARLIDERE / İZMİR
1457351,158357,LİMİTED,BOSTANLI,KARŞIYAKA,73,MADENCİLİK VE MERMER GRUBU,BUMERANG MERMER SANAYİ VE TİCARET LİMİTED ŞİRKETİ,BOSTANLI MAH. GİRNE BUL. NO: 11 İÇ KAPI NO: 12 KARŞIYAKA / İZMİR
1146011,127642,LİMİTED,ADALET,BAYRAKLI,73,MADENCİLİK VE MERMER GRUBU,CAC METAL İNŞAAT İÇ VE DIŞ TİCARET SANAYİ LİMİTED ŞİRKETİ ,ADALET MAHALLESİ MANAS BLV. FOLKART TOWERS APT. NO: 47 B/2601 BAYRAKLI/İZMİR
2202161,234330,ANONİM,ALSANCAK,KONAK,73,MADENCİLİK VE MERMER GRUBU,CALENERGY TİCARET ANONİM ŞİRKETİ,ALSANCAK MAH. ATATÜRK CAD. SOYHAN NO: 378/1 İÇ KAPI NO: 31 KONAK / İZMİR
1601031,173972,LİMİTED,GERMİYAN,ÇEŞME,73,MADENCİLİK VE MERMER GRUBU,CANTÜRK İNŞAAT SANAYİ TİCARET LİMİTED ŞİRKETİ ÇEŞME ŞUBESİ,GERMİYAN MAH. MAHALLESİ ÇEŞME ASFALTI CAD. NO:19 ÇEŞME / İZMİR
1254231,138585,LİMİTED,ÜMİT,BORNOVA,73,MADENCİLİK VE MERMER GRUBU,CKS METAL GERİ DÖNÜŞÜM NAKLİYE TARIM HAYVANCILIK İNŞAAT İTHALAT İHRACAT SANAYİ TİCARET LİMİTED ŞİRKETİ,ÜMİT MAHALLESİ PINAR CAD. NO:103 PINARBAŞI BORNOVA/İZMİR
2015911,215599,LİMİTED,ATIFBEY,GAZİEMİR,73,MADENCİLİK VE MERMER GRUBU,COCO PACİFİC KATI YAKIT SANAYİ VE TİCARET LİMİTED ŞİRKETİ,ATIFBEY MAH. 6 SK. TÜTÜN SİTESİ A BLOK NO: 69 İÇ KAPI NO: 63 GAZİEMİR / İZMİR
2276001,241791,ANONİM,AKDENİZ,KONAK,73,MADENCİLİK VE MERMER GRUBU,CR DIŞ TİCARET SANAYİ ANONİM ŞİRKETİ,AKDENİZ MAH. GAZİ OSMAN PAŞA BUL. BATI IŞ MERKEZI NO: 10/1C KONAK / İZMİR
1313201,144381,LİMİTED,VALİ RAHMİ BEY,BUCA,73,MADENCİLİK VE MERMER GRUBU,"CROMOR MADENCİLİK MİMARLIK, MÜHENDİSLİK İNŞAAT NAKLİYE SANAYİ VE TİCARET LİMİTED ŞİRKETİ",VALİ RAHMİ BEY MAH. 319 SK. NO: 116 İÇ KAPI NO: 2 BUCA / İZMİR
2272571,241440,LİMİTED,ADALET,BAYRAKLI,73,MADENCİLİK VE MERMER GRUBU,CROMOR MINING MADENCİLİK LİMİTED ŞİRKETİ,ADALET MAHALLESİ MANAS BUL. NO:39 DAİRE:2511 BAYRAKLI / İZMİR
1938111,207757,ANONİM,AKDENİZ,KONAK,73,MADENCİLİK VE MERMER GRUBU,CTC ENERJİ MADENCİLİK SANAYİ VE TİCARET ANONİM ŞİRKETİ,AKDENİZ MAH. HALİT ZİYA BUL. NO: 1 İÇ KAPI NO: 32 KONAK / İZMİR
1916961,205640,ANONİM,KARAKUYU,MENDERES,73,MADENCİLİK VE MERMER GRUBU,"CYS YAPI,İNŞAAT,MADENCİLİK SANAYİ VE TİCARET ANONİM ŞİRKETİ MENDERES  İZMİR ŞUBESİ",KARAKUYU MAHALLESİ NO:118 7655 SK MENDERES / İZMİR
1459531,158589,ANONİM,ŞEMİKLER,KARŞIYAKA,73,MADENCİLİK VE MERMER GRUBU,ÇANDARLI DEMİR ÇELİK İNŞAAT NAKLİYAT TARIM VE HAYVANCILIK ANONİM ŞİRKETİ,ŞEMİKLER MAH. 6286/7 SK. NO: 2 İÇ KAPI NO: 2 KARŞIYAKA / İZMİR
2229051,237041,LİMİTED,HARMANDALI GAZİ MUSTAFA KEMAL ATATÜRK,ÇİĞLİ,73,MADENCİLİK VE MERMER GRUBU,ÇDÇ METAL SANAYİ TİCARET LİMİTED ŞİRKETİ ,HARMANDALI GAZİ MUSTAFA KEMAL ATATÜRK MAHALLESİ 9 EYLÜL CAD. NO: 55/1 ÇİĞLİ / İZMİR
1035921,115501,LİMİTED,DOĞANLAR,BORNOVA,73,MADENCİLİK VE MERMER GRUBU,ÇEL-SAN METAL TESTİL SANAYİ VE TİCARET LİMİTED ŞİRKETİ,DOĞANLAR MAHALLESİ 1432 SOKAK NO:16 BORNOVA / İZMİR
2075811,221620,LİMİTED,MALTEPE,GÜZELBAHÇE,73,MADENCİLİK VE MERMER GRUBU,DALGALI ALÜMİNYUM ORMAN ÜRÜNLERİ CAM HIRDAVAT NAKLİYE PAZARLAMA İMALAT İTHALAT İHRACAT TİCARET VE SANAYİ LİMİTED ŞİRKETİ,MALTEPE MAHALLESİ 3 SOK. NO:11/I Apt. NO: 11 I/4 GÜZELBAHÇE / İZMİR
1216671,134683,LİMİTED,AKDENİZ,KONAK,73,MADENCİLİK VE MERMER GRUBU,DELEN ENERJİ İNŞAAT TAAHHÜT MADENCİLİK VE TİCARET LİMİTED ŞİRKETİ,AKDENİZ MAH. GAZİ OSMAN PAŞA BUL. İBRAHİM TANYALÇIN NO: 2 İÇ KAPI NO: 3 KONAK / İZMİR
2298776,248669,LİMİTED,KARAKUYU,MENDERES,73,MADENCİLİK VE MERMER GRUBU,DELEN ENERJİ İNŞAAT TAAHHÜT MADENCİLİK VE TİCARET LİMİTED ŞİRKETİ MENDERES ŞUBESİ,KARAKUYU MAH. 7655 SK. NO: 122 MENDERES / İZMİR
2076721,221707,LİMİTED,ARMUTLU 85. YIL CUMHURİYET,KEMALPAŞA,73,MADENCİLİK VE MERMER GRUBU,DELHAS BİOTECH BİYOTEKNOLOJİ LİMİTED ŞİRKETİ ,ARMUTLU 85. YIL CUMHURİYET MAHALLESİ SANAYİ CAD. NO:118/1 KEMALPAŞA / İZMİR
2010071,215007,LİMİTED,ADALET,BAYRAKLI,73,MADENCİLİK VE MERMER GRUBU,DEMİRCAN ENERJİ SANAYİ VE TİCARET LİMİTED ŞİRKETİ,ADALET MAHALLESİ MANAS BLV. FOLKART TOWERS APT. NO: 47 B/2601 BAYRAKLI/İZMİR
1846671,198536,LİMİTED,AYDIN,KARABAĞLAR,73,MADENCİLİK VE MERMER GRUBU,DEMİRCANLAR PROFİL DEMİR MOBİLYA İNŞAAT SANAYİ VE TİCARET LİMİTED ŞİRKETİ,AYDIN MAHALLESİ 4311 SK. NO: 48 1/1 KARABAĞLAR/İZMİR
1611491,175034,LİMİTED,202/40 SOKAK NO.3 D.4   ATATÜRK,BUCA,73,MADENCİLİK VE MERMER GRUBU,DENÇAK SONDAJ YER BİLİMLERİ MÜHENDİSLİK HİZMETLERİ GIDA TURİZM İNŞAAT TAAHHÜT SANAYİ VE TİCARET LİMİTED ŞİRKETİ,202/40 SOKAK NO.3 D.4 ATATÜRK MAHALLESİ BUCA/İZMİR
708531,84078,ANONİM,KEMALPAŞA,BORNOVA,73,MADENCİLİK VE MERMER GRUBU,DERE MADENCİLİK İNŞAAT YAPI MALZEMELERİ SANAYİ VE TİCARET ANONİM ŞİRKETİ,KEMALPAŞA MAHALLESİ 7421 SK. NO: 26/_ BORNOVA/İZMİR
2005021,214503,ANONİM,BARBAROS,BORNOVA,73,MADENCİLİK VE MERMER GRUBU,DERELİ ALÜMİNYUM SANAYİ VE TİCARET ANONİM ŞİRKETİ ,BARBAROS MAHALLESİ 5301 SOKAK NO:23 BORNOVA / İZMİR
2182031,232301,LİMİTED,AŞIK VEYSEL,KARABAĞLAR,73,MADENCİLİK VE MERMER GRUBU,DERİNTAŞ MERMER LİMİTED ŞİRKETİ ,AŞIK VEYSEL MAHALLESİ 5733/3 SK. NO: 36A İÇ KAPI NO: A KARABAĞLAR / İZMİR
1123721,125309,LİMİTED,ONUR,BALÇOVA,73,MADENCİLİK VE MERMER GRUBU,DESEN METAL BOYAMA PROFİL İNŞAAT MALZEMELERİ VE AKSESUAR SANAYİ TİCARET LİMİTED ŞİRKETİ,ONUR MAH. LİMON SK. DURU NO: 1 İÇ KAPI NO: 73 BALÇOVA / İZMİR
1932791,207214,ANONİM,MENDERES,BUCA,73,MADENCİLİK VE MERMER GRUBU,DFN TEDARİK MADEN NAKLİYE GIDA İNŞAAT DIŞ TİCARET ANONİM ŞİRKETİ,MENDERES MAH. SEYFİ DEMİRSOY CAD. NO: 17G BUCA / İZMİR
2300962,250903,ANONİM,ATATÜRK,BUCA,73,MADENCİLİK VE MERMER GRUBU,DİYADİN MADENCİLİK SANAYİ VE TİCARET ANONİM ŞİRKETİ,ATATÜRK MAH. 206/13 SK. NO: 21A BUCA / İZMİR
2226051,236743,LİMİTED,ADALET,BAYRAKLI,73,MADENCİLİK VE MERMER GRUBU,DMR YILDIZ MADEN İNŞAAT SANAYİ VE TİCARET LİMİTED ŞİRKETİ,ADALET MAH. MANAS BUL. FOLKART TOWERS BLOK NO: 47B İÇ KAPI NO: 2601 BAYRAKLI / İZMİR
501751,353,LİMİTED,KEMALPAŞA OSB,KEMALPAŞA,73,MADENCİLİK VE MERMER GRUBU,DOĞUŞ DEMİR SANAYİ ÜRÜNLERİ SANAYİ VE TİCARET LİMİTED ŞİRKETİ,KEMALPAŞA OSB MAH. 629 SK. NO: 13 KEMALPAŞA / İZMİR
2302211,252145,LİMİTED,HALKAPINAR,KONAK,73,MADENCİLİK VE MERMER GRUBU,DOZ METAL PASLANMAZ SANAYİ VE TİCARET LİMİTED ŞİRKETİ,HALKAPINAR MAH. 1082 SK. İNŞAAT NO: 5K KONAK / İZMİR
2245511,238678,LİMİTED,ADALET,BAYRAKLI,73,MADENCİLİK VE MERMER GRUBU,DRM MERMER MADENCİLİK KİMYA YALITIM SANAYİ VE TİCARET LİMİTED ŞİRKETİ,ADALET MAH. ANADOLU CAD. MEGAPOL TOWER BLOK NO: 41 İÇ KAPI NO: 101 BAYRAKLI / İZMİR
2098551,223910,LİMİTED,OĞLANANASI ATATÜRK,MENDERES,73,MADENCİLİK VE MERMER GRUBU,EFC İÇ VE DIŞ TİCARET SANAYİ LİMİTED ŞİRKETİ,OĞLANANASI ATATÜRK MAH. 7038 SK. NO: 2D MENDERES / İZMİR
1948581,208817,LİMİTED,ADALET,BAYRAKLI,73,MADENCİLİK VE MERMER GRUBU,EFES NATURAL MADENCİLİK MERMER HAFRİYAT NAKLİYE SANAYİ VE TİCARET LİMİTED ŞİRKETİ,ADALET MAHALLESİ 1594/1 SOK. NO:1/53 BAYRAKLI / İZMİR
439751,158527,LİMİTED,KAKLIÇ,ÇİĞLİ,73,MADENCİLİK VE MERMER GRUBU,EFES ŞÖMİNE SANAYİ VE TİCARET LİMİTED ŞİRKETİ ,KAKLIÇ MAHALLESİ İZMİR CAD. NO:24 ÇİĞLİ / İZMİR
1984981,212482,LİMİTED,DOKUZ EYLÜL,GAZİEMİR,73,MADENCİLİK VE MERMER GRUBU,EGAL PROFİL VE AKSESUARLARI PVC SANAYİ VE TİCARET LİMİTED ŞİRKETİ,DOKUZ EYLÜL MAHALLESİ 695 SOKAK NO: 7 H/0 GAZİEMİR / İZMİR
970391,107953,ANONİM,AKDENİZ,KONAK,73,MADENCİLİK VE MERMER GRUBU,EGAMİN MİNERAL MADEN ENDÜSTRİ VE HAMMADDELERİ SANAYİ VE TİCARET ANONİM ŞİRKETİ,AKDENİZ MAHALLESİ ATATÜRK CAD. NO: 148/301 KONAK/İZMİR
2195791,233695,LİMİTED,KONAK,KONAK,73,MADENCİLİK VE MERMER GRUBU,EGE ARZ İNŞAAT DEMİR TİCARET LİMİTED ŞİRKETİ,KONAK MAHALLESİ CUMHURİYET BLV. NO:36/711 KAPANİ İŞ MERKEZİ BLOK KONAK / İZMİR
1749971,188766,LİMİTED,AOSB,ÇİĞLİ,73,MADENCİLİK VE MERMER GRUBU,EGE ASAL METAL METAL ÜRÜNLERİ TİCARET LİMİTED ŞİRKETİ ÇİĞLİ ŞUBESİ ,AOSB MAHALLESİ 10002 SOKAK NO:40 ÇİĞLİ / İZMİR
563861,73914,ANONİM,DOĞANLAR,BORNOVA,73,MADENCİLİK VE MERMER GRUBU,EGE BORU VE TEKNİK TESİSAT MALZEMELERİ SANAYİ VE TİCARET ANONİM ŞİRKETİ,DOĞANLAR MAH. OKUL SK. NO: 22 BORNOVA / İZMİR
1515331,164147,ANONİM,MANSUROĞLU,BAYRAKLI,73,MADENCİLİK VE MERMER GRUBU,EGE DELTAŞ MADEN İNŞAAT NAKLİYAT HAFRİYAT SANAYİ VE TİCARET ANONİM ŞİRKETİ,MANSUROĞLU MAHALLESİ ANKARA CAD. NO: 81/62 BAYRAKLI/İZMİR
1752541,105926,ANONİM,KEMALPAŞA OSB,KEMALPAŞA,73,MADENCİLİK VE MERMER GRUBU,EGE DOĞALTAŞ SANAYİ VE TİCARET ANONİM ŞİRKETİ,KEMALPAŞA OSB MAHALLESİ MOPAK MESLEK LİSESİ ÇIKMAZI SK. ADI YOK APT. NO: 1/- KEMALPAŞA/İZMİR
2078891,221931,LİMİTED,HALKAPINAR,KONAK,73,MADENCİLİK VE MERMER GRUBU,EGE HİTİT ALÜMİNYUM SANAYİ VE TİCARET LİMİTED ŞİRKETİ ,HALKAPINAR MAHALLESİ 1202/4 SOKAK NO:24/A KONAK / İZMİR
1618131,175695,ANONİM,EGEMENLİK,BORNOVA,73,MADENCİLİK VE MERMER GRUBU,EGE İŞ MADENCİLİK SANAYİ VE TİCARET ANONİM ŞİRKETİ ,EGEMENLİK MAHALLESİ 6153 SK. NO:4/S BORNOVA / İZMİR
2301005,250928,ANONİM,YAKAKÖY,BORNOVA,73,MADENCİLİK VE MERMER GRUBU,EGE İŞ MADENCİLİK SANAYİ VE TİCARET ANONİM ŞİRKETİ BOĞAZKESEN ŞUBESİ,YAKAKÖY MAH. 9501 SK. NO: 38 BORNOVA / İZMİR
675011,81590,LİMİTED,YELKİ,GÜZELBAHÇE,73,MADENCİLİK VE MERMER GRUBU,EGE MERPAZ MERMER İNŞAAT PAZARLAMA SANAYİ VE TİCARET LİMİTED ŞİRKETİ,YELKİ MAH. 2732 SK. NO: 130 GÜZELBAHÇE / İZMİR
1957591,209727,ANONİM,ADALET,BAYRAKLI,73,MADENCİLİK VE MERMER GRUBU,EGE REFRAKTER İTHALAT VE İHRACAT ANONİM ŞİRKETİ ,ADALET MAHALLESİ MANAS BLV. NO: 47 B/2809 BAYRAKLI / İZMİR
1256551,138828,LİMİTED,AKDENİZ,KONAK,73,MADENCİLİK VE MERMER GRUBU,EGE RENS İNŞAAT GIDA TURİZM MADENCİLİK NAKLİYE TEKSTİL OTO KİRALAMA İTHALAT İHRACAT SANAYİ VE TİCARET LİMİTED ŞİRKETİ,AKDENİZ MAH.CUMHURİYET BLV.ERBOY 2 İŞ MERKEZİ NO:82/71-72 KONAK / İZMİR
323811,50368,LİMİTED,KAVAKLIDERE,BORNOVA,73,MADENCİLİK VE MERMER GRUBU,EGE TAŞ VE MICIR İŞLETMELERİ LİMİTED ŞİRKETİ ,KAVAKLIDERE MAH. MAHALLESİ ÇITAK SOKAK NO:19/A BORNOVA / İZMİR
1991391,213093,LİMİTED,ZAFER,BUCA,73,MADENCİLİK VE MERMER GRUBU,EGE TEKNO KÖMÜR İNŞAAT VE SANAYİ TİCARET LİMİTED ŞİRKETİ ,ZAFER MAHALLESİ ÇİFTLİK SOKAK NO: 4 BUCA / İZMİR
1123321,125297,LİMİTED,ONUR,BALÇOVA,73,MADENCİLİK VE MERMER GRUBU,EGEARTS DOĞAL TAŞ İNŞAAT TEKSTİL İTHALAT İHRACAT SANAYİ VE TİCARET LİMİTED ŞİRKETİ,ONUR MAHALLESİ LİMON SK. DURU BLOK NO: 1 İÇ KAPI NO: 73 BALÇOVA / İZMİR
2121931,226253,LİMİTED,NALDÖKEN,BORNOVA,73,MADENCİLİK VE MERMER GRUBU,EGELAM PORSELEN GRANİT MERMER ÜRETİM İNŞAAT SANAYİ VE TİCARET  LİMİTED ŞİRKETİ,NALDÖKEN MAHALLESİ 1271 SOKAK NO:5 BORNOVA / İZMİR
1639181,177796,LİMİTED,ATATÜRK,BORNOVA,73,MADENCİLİK VE MERMER GRUBU,EGEMAR MADEN MERMER NAKLİYE İNŞAAT TAAHHÜT SANAYİ VE TİCARET LİMİTED ŞİRKETİ,ATATÜRK MAH. HÜRRİYET CAD. NO: 187 İÇ KAPI NO: 1 BORNOVA / İZMİR
512711,5575,LİMİTED,EGEMENLİK,BORNOVA,73,MADENCİLİK VE MERMER GRUBU,EGEMER YAPI MOBİLYA VE MERMERİT MADEN SANAYİ VE TİCARET LİMİTED ŞİRKETİ,EGEMENLİK MAHALLESİ 6106/2 SOKAK NO:31 BORNOVA / İZMİR
1982991,212271,LİMİTED,CENGİZ TOPEL,KONAK,73,MADENCİLİK VE MERMER GRUBU,EGEMİR MADENCİLİK VE İNŞAAT MALZEMELERİ SANAYİ TİCARET LİMİTED ŞİRKETİ,CENGİZ TOPEL MAHALLESİ BOĞAZİÇİ CADDESİ NO:7/1 KONAK / İZMİR
2025011,216509,LİMİTED,ADALET,BAYRAKLI,73,MADENCİLİK VE MERMER GRUBU,EGEO MADENCİLİK GIDA SANAYİ VE DIŞ TİCARET LİMİTED ŞİRKETİ ,ADALET MAHALLESİ ANADOLU CADDESİ NO:41/101 MEGAPOL TOWER Apt. BAYRAKLI / İZMİR
1563151,168963,ANONİM,IŞIKLAR,BORNOVA,73,MADENCİLİK VE MERMER GRUBU,EGN DIŞ TİCARET ANONİM ŞİRKETİ,IŞIKLAR MAH. AYDINLAR CAD. GERİ KAZANIMCILAR SİTESİ NO: 85 BORNOVA / İZMİR
1475001,160129,ANONİM,ÇINARLI,KONAK,73,MADENCİLİK VE MERMER GRUBU,EKOPONS MADENCİLİK SANAYİ VE DIŞ TİCARET ANONİM ŞİRKETİ,ÇINARLI MAHALLESİ ANKARA ASFALTI CAD. NO: 15/181 KONAK/İZMİR
1713931,185186,LİMİTED,ZAFERTEPE,KONAK,73,MADENCİLİK VE MERMER GRUBU,ELİT KÖMÜR İNŞAAT TAŞIMACILIK SANAYİ VE TİCARET LİMİTED ŞİRKETİ ,ZAFERTEPE MAHALLESİ YEŞİLLİK CADDESİ NO:27/31/B KONAK / İZMİR
2297979,247902,LİMİTED,ONUR,BALÇOVA,73,MADENCİLİK VE MERMER GRUBU,ELSA METALÜRJİ SANAYİ TİCARET LİMİTED ŞİRKETİ,ONUR MAH. AKASYA SK. ERDEM NO: 64 İÇ KAPI NO: 6 BALÇOVA / İZMİR
2025741,216596,LİMİTED,ADALET,BAYRAKLI,73,MADENCİLİK VE MERMER GRUBU,EMERALD TAŞIMACILIK MADEN İNŞAAT TURİZM DEPO ANTREPO HİZMETLERİ DANIŞMANLIK TARIM ÜRÜNLERİ ORGANİZASYON İTHALAT İHRACAT SANAYİ VE TİCARET LİMİTED ŞİRKETİ,ADALET MAH. MANAS BUL. NO: 39/1 İÇ KAPI NO: 69 BAYRAKLI / İZMİR
1686601,182554,LİMİTED,ÇINARKÖY,KEMALPAŞA,73,MADENCİLİK VE MERMER GRUBU,EMİN ONURLU MERMER MOBİLYA DEKORASYON SANAYİ VE TİCARET LİMİTED ŞİRKETİ,ÇINARKÖY MAHALLESİ 2 SOKAK NO:24/1 KEMALPAŞA / İZMİR
1718981,185718,ANONİM,İTOB OSB,MENDERES,73,MADENCİLİK VE MERMER GRUBU,ENDÜSTRİYEL MİNERALLER ÜRETİM SANAYİ VE TİCARET ANONİM ŞİRKETİ,İTOB OSB MAHALLESİ 10020 SK. NO: 1 MENDERES/İZMİR
2291671,243379,LİMİTED,OĞLANANASI ATATÜRK,MENDERES,73,MADENCİLİK VE MERMER GRUBU,ENS BORU PROFİL SAC SANAYİ VE TİCARET LİMİTED ŞİRKETİ,OĞLANANASI ATATÜRK MAHALLESİ TERCAN CD. NO:20 MENDERES / İZMİR
2235771,237721,LİMİTED,ALSANCAK,KONAK,73,MADENCİLİK VE MERMER GRUBU,ENVİRON MADEN GERİ DÖNÜŞÜM MADENCİLİK METALÜRJİ İTHALAT İHRACAT  SANAYİ VE TİCARET LİMİTED ŞİRKETİ,ALSANCAK MAHALLESİ 1479 SOKAK SEZER BLOK NO: 12 İÇ KAPI NO: 41 KONAK / İZMİR
2228851,237026,LİMİTED,ATIFBEY,GAZİEMİR,73,MADENCİLİK VE MERMER GRUBU,ERDEMİRLER SAC METAL TİCARET LİMİTED ŞİRKETİ ,ATIFBEY MAHALLESİ 67 SK. NO: 33 İÇ KAPI NO: 32 GAZİEMİR / İZMİR
1453601,157991,ANONİM,ALSANCAK,KONAK,73,MADENCİLİK VE MERMER GRUBU,ERDOĞANOĞLU MADENCİLİK TURİZM İNŞAAT SANAYİ VE TİCARET ANONİM ŞİRKETİ,ALSANCAK MAH. 1469 SK. NO: 28 İÇ KAPI NO: 74 KONAK / İZMİR
2305028,254973,LİMİTED,CAMİKEBİR,SEFERİHİSAR,73,MADENCİLİK VE MERMER GRUBU,ERGE MARBLE MERMER İNŞAAT SANAYİ VE TİCARET LİMİTED ŞİRKETİ,CAMİKEBİR MAH. SANAYİ 19 SK. NO: 9A SEFERİHİSAR / İZMİR
255581,1212,ANONİM,KAVAKLIDERE,BORNOVA,73,MADENCİLİK VE MERMER GRUBU,ERKOÇ KIRMATAŞ SANAYİ VE TİCARET ANONİM ŞİRKETİ,KAVAKLIDERE MAHALLESİ 9501 SK. NO: 12 BORNOVA/İZMİR
1724111,186204,ANONİM,EGEMENLİK,BORNOVA,73,MADENCİLİK VE MERMER GRUBU,ERMADEN MADEN İŞLETMECİLİĞİ SANAYİ VE TİCARET ANONİM ŞİRKETİ ,EGEMENLİK MAHALLESİ 6153 SOKAK NO: 4 S/0 BORNOVA / İZMİR
2298178,248092,ANONİM,NALDÖKEN,BORNOVA,73,MADENCİLİK VE MERMER GRUBU,ERMADEN MADEN İŞLETMECİLİĞİ SANAYİ VE TİCARET ANONİM ŞİRKETİ BOĞAZKESEN ŞUBESİ,NALDÖKEN MAH. 9501 SK. NO: 19 BORNOVA / İZMİR
1169961,130183,LİMİTED,GÖLCÜKLER,MENDERES,73,MADENCİLİK VE MERMER GRUBU,EROLTAŞ MERMER GRANİT MOBİLYA İNŞAAT SANAYİ VE TİCARET LİMİTED ŞİRKETİ ,GÖLCÜKLER MAHALLESİ İSTASYON CAD. NO:34/3 MENDERES / İZMİR
1115271,124370,LİMİTED,ÖRNEKKÖY,KARŞIYAKA,73,MADENCİLİK VE MERMER GRUBU,ERSİER MADEN HAFRİYAT İNŞAAT SANAYİ VE TİCARET LİMİTED ŞİRKETİ,ÖRNEKKÖY MAH. 1847/3 SK. NO: 54/1 İÇ KAPI NO: 1 KARŞIYAKA / İZMİR
647551,99117,LİMİTED,EMİR SULTAN,KONAK,73,MADENCİLİK VE MERMER GRUBU,ESMETAL METAL SANAYİ VE TİCARET LİMİTED ŞİRKETİ,EMİR SULTAN MAHALLESİ GAZİLER CADDESİ NO:478 DAİRE:511 KONAK / İZMİR
1310341,144111,LİMİTED,AYDIN,KARABAĞLAR,73,MADENCİLİK VE MERMER GRUBU,EYLA MERMER GRANİT VE İNŞAAT SANAYİ TİCARET LİMİTED ŞİRKETİ ,AYDIN MAHALLESİ 4272 SOKAK NO:4/A KARABAĞLAR / İZMİR
155021,632,LİMİTED,ADALET,BAYRAKLI,73,MADENCİLİK VE MERMER GRUBU,FAMERİT SANAYİ VE TİCARET LİMİTED ŞİRKETİ,ADALET MAH. MANAS BUL. NO: 39 İÇ KAPI NO: 2511 BAYRAKLI / İZMİR
727511,9607,LİMİTED,GÜRPINAR,BORNOVA,73,MADENCİLİK VE MERMER GRUBU,FATİH GRANİT VE MERMER ÜRÜNLERİ PAZARLAMA SANAYİ VE TİCARET LİMİTED ŞİRKETİ,GÜRPINAR MAHALLESİ 6106/24 SK. NO:42 PINARBAŞI BORNOVA / İZMİR
2248611,239013,LİMİTED,ADALET,BAYRAKLI,73,MADENCİLİK VE MERMER GRUBU,FCB METAL SANAYİ VE TİCARET LİMİTED ŞİRKETİ ,ADALET MAHALLESİ MANAS BUL. NO:39 İÇ KAPI NO: 3408 BAYRAKLI / İZMİR
2304097,254042,LİMİTED,MANSUROĞLU,BAYRAKLI,73,MADENCİLİK VE MERMER GRUBU,FORTUNELLO MADENCİLİK İTHALAT VE İHRACAT LİMİTED ŞİRKETİ,MANSUROĞLU MAH. 1593/1 SK. NO: 26 İÇ KAPI NO: 6 BAYRAKLI / İZMİR
2038531,217859,ANONİM,AKDENİZ,KONAK,73,MADENCİLİK VE MERMER GRUBU,GALMET İTHALAT İHRACAT TİCARET ANONİM ŞİRKETİ,AKDENİZ MAHALLESİ ŞEHİT FETHİBEY CAD. HERİS TOWER APT. NO: 55/091 KONAK/İZMİR
689031,82660,LİMİTED,İTOB OSB,MENDERES,73,MADENCİLİK VE MERMER GRUBU,GAZİMER MERMER TAŞIMACILIK HİZMETLER VE İNŞAAT MALZEMELERİ SANAYİ VE TİCARET LİMİTED ŞİRKETİ,İTOB OSB MAHALLESİ 10023 SK. NO:24 MENDERES / İZMİR
2301188,251117,LİMİTED,SAHİLEVLERİ,NARLIDERE,73,MADENCİLİK VE MERMER GRUBU,GBLT MERMER İNŞAAT GIDA SANAYİ VE TİCARET LİMİTED ŞİRKETİ,SAHİLEVLERİ MAH. KALE SK. NO: 79 İÇ KAPI NO: 1 NARLIDERE / İZMİR
2302221,252134,ANONİM,DOĞANLAR,BORNOVA,73,MADENCİLİK VE MERMER GRUBU,GEDİZ ÇELİK SANAYİ VE TİCARET ANONİM ŞİRKETİ,DOĞANLAR MAH. OKUL SK. NO: 22A BORNOVA / İZMİR
1754711,189241,LİMİTED,ÇİLEME,MENDERES,73,MADENCİLİK VE MERMER GRUBU,GEMMA MADENCİLİK SANAYİ VE TİCARET LİMİTED ŞİRKETİ MENDERES ŞUBESİ,ÇİLEME MAHALLESİ 7539 SK. NO: 124 MENDERES/İZMİR
2222301,236367,ANONİM,TRAKYA,KONAK,73,MADENCİLİK VE MERMER GRUBU,GİRİŞİM GROUP MEDİKAL KİMYA METAL ANONİM ŞİRKETİ,TRAKYA MAHALLESİ SELİMİYE CADDESİ NO: 71A İÇ KAPI NO: A KONAK / İZMİR
1499381,162544,ANONİM,KÜLTÜR,KONAK,73,MADENCİLİK VE MERMER GRUBU,GMG GRAND MİNERAL GROUP MADENCİLİK SANAYİ VE TİCARET ANONİM ŞİRKETİ,KÜLTÜR MAHALLESİ MUSTAFA MÜNİR BİRSEL SK. KORULUK APARTMAN A BLOK APT. NO: 26/3 KONAK/İZMİR
2213261,235449,LİMİTED,ERZENE,BORNOVA,73,MADENCİLİK VE MERMER GRUBU,GMS MADENCİLİK ARAMA GELİŞTİRME ÜRETİM İHRACAT İTHALAT SANAYİ TİCARET LİMİTED ŞİRKETİ,ERZENE MAHALLESİ 31 SK. NO:20/9 BORNOVA / İZMİR
1945631,208519,LİMİTED,AOSB,ÇİĞLİ,73,MADENCİLİK VE MERMER GRUBU,GNM YAPI DEMİR ÇELİK SANAYİ VE TİCARET LİMİTED ŞİRKETİ,AOSB MAHALLESİ 10016 SK. NO:42 ÇİĞLİ / İZMİR
2154801,229547,LİMİTED,MANSUROĞLU,BAYRAKLI,73,MADENCİLİK VE MERMER GRUBU,GOLDHAN İNŞAAT ELEKTRİK NAKLİYAT HAFRİYAT TARIM OTOMOTİV İÇ VE DIŞ TİCARET SANAYİ LİMİTED ŞİRKETİ,MANSUROĞLU MAHALLESİ 286/3 SOKAK DEDEMHAN BLOK NO: 3 İÇ KAPI NO: 32 BAYRAKLI / İZMİR
1628591,176743,ANONİM,MANSUROĞLU,BAYRAKLI,73,MADENCİLİK VE MERMER GRUBU,GORDES ZEOLİT MADENCİLİK SANAYİ VE TİCARET ANONİM ŞİRKETİ,MANSUROĞLU MAHALLESİ ANKARA CAD. NO: 81/124 BAYRAKLI/İZMİR
2297074,246994,LİMİTED,SEVGİ,GAZİEMİR,73,MADENCİLİK VE MERMER GRUBU,GÖKALP MERMER SANAYİ VE TİCARET LİMİTED ŞİRKETİ İZMİR ŞUBESİ,SEVGİ MAH. 912 SK. NO: 3 GAZİEMİR / İZMİR
2093171,223368,LİMİTED,AŞIK VEYSEL,KARABAĞLAR,73,MADENCİLİK VE MERMER GRUBU,GÖKMER MADENCİLİK İNŞAAT SANAYİ VE TİCARET LİMİTED ŞİRKETİ ,AŞIK VEYSEL MAHALLESİ 5827 SOK. NO: 40-42A KARABAĞLAR / İZMİR
1734601,187229,LİMİTED,EGEMENLİK,BORNOVA,73,MADENCİLİK VE MERMER GRUBU,GRADDE YAPI MADEN İTHALAT İHRACAT SANAYİ TİCARET LİMİTED ŞİRKETİ,EGEMENLİK MAH. 6106/23 SK. NO: 12 BORNOVA / İZMİR
2296523,246435,LİMİTED,EGEMENLİK,BORNOVA,73,MADENCİLİK VE MERMER GRUBU,GRADDE YAPI MADEN İTHALAT İHRACAT SANAYİ TİCARET LİMİTED ŞİRKETİ BORNOVA ŞUBESİ,EGEMENLİK MAH. 6106/23 SK. NO: 11 BORNOVA / İZMİR
364521,54890,ANONİM,KONAK,KONAK,73,MADENCİLİK VE MERMER GRUBU,GRAFİT MADENCİLİK SANAYİ VE TİCARET ANONİM ŞİRKETİ,KONAK MAH. MİLLİ KÜTÜPHANE CAD. İ. TEPEKÖYLÜ İŞ MERKEZİ NO: 17 İÇ KAPI NO: 502 KONAK / İZMİR
2141531,228226,LİMİTED,ADALET,BAYRAKLI,73,MADENCİLİK VE MERMER GRUBU,GÜLER KÖMÜR MADENCİLİK SANAYİ İÇ VE DIŞ TİCARET LİMİTED ŞİRKETİ ,ADALET MAH. MAHALLESİ MANAS BLV NO:47/B FOLKART TOWERS BLOK İÇ KAPI NO: 2601 BAYRAKLI / İZMİR
986611,110043,LİMİTED,MANSUROĞLU,BORNOVA,73,MADENCİLİK VE MERMER GRUBU,GÜNAR MAKİNA TİCARET LİMİTED ŞİRKETİ ,MANSUROĞLU MAHALLESİ HAŞİM İŞCAN CAD. NO:24/1 BORNOVA / İZMİR
1854931,199371,ANONİM,KEMALPAŞA,BORNOVA,73,MADENCİLİK VE MERMER GRUBU,HAKKO OTOMAT ÇELİK SANAYİ VE DIŞ TİCARET ANONİM ŞİRKETİ,KEMALPAŞA MAHALLESİ 7407/2 SK. NO: 16 B/_ BORNOVA/İZMİR
1989261,212881,LİMİTED,BENGİLER,SEFERİHİSAR,73,MADENCİLİK VE MERMER GRUBU,HAN KARDEŞLER DEMİR ALÜMİNYUM İNŞAAT NAKLİYE TURİZM LİMİTED ŞİRKETİ,BENGİLER MAHALLESİ ÜRKMEZ CAD. NO: 83 B/0 SEFERİHİSAR/İZMİR
2296475,246195,LİMİTED,BAYRAKLI,BAYRAKLI,73,MADENCİLİK VE MERMER GRUBU,HARMANCIK MANYEZİT MADEN NAKLİYE PETROL ÜRÜNLERİ İTHALAT İHRACAT SANAYİ VE TİCARET LİMİTED ŞİRKETİ,BAYRAKLI MAH. 1915 SK. NO: 4 İÇ KAPI NO: 4 BAYRAKLI / İZMİR
864091,94875,ANONİM,AYDINLIKEVLER,ÇİĞLİ,73,MADENCİLİK VE MERMER GRUBU,HASAN YILDIRIM DEMİR ÇELİK SANAYİ TİCARET ANONİM ŞİRKETİ,AYDINLIKEVLER MAHALLESİ 6783 SK. NO: 34 -2/_ ÇİĞLİ/İZMİR
2012371,215244,ANONİM,YENİŞEHİR,KONAK,73,MADENCİLİK VE MERMER GRUBU,HASEFE MADENCİLİK GIDA PATENT SANAYİ VE TİCARET ANONİM ŞİRKETİ,YENİŞEHİR MAH. 1145/4 SK. NO: 21 İÇ KAPI NO: 3 KONAK / İZMİR
516251,101574,LİMİTED,KAZIMDİRİK,BORNOVA,73,MADENCİLİK VE MERMER GRUBU,HASET GIDA DAHİLİ TİCARET VE LİMİTED ŞİRKETİ,KAZIMDİRİK MAHALLESİ 194 SOKAK NO:46/13 BORNOVA/İZMİR
519141,218,LİMİTED,BADEMLER,URLA,73,MADENCİLİK VE MERMER GRUBU,HASGÜL KARDEŞLER MERMER TURİZM İNŞAAT HAYVANCILIK SANAYİ VE TİCARET LİMİTED ŞİRKETİ,BADEMLER MAHALLESİ SEFERİHİSAR CAD. NO: 40/ URLA/İZMİR
1942861,208230,ANONİM,ÇAMLI,GÜZELBAHÇE,73,MADENCİLİK VE MERMER GRUBU,HAYDAR MADENCİLİK SANAYİ VE TİCARET ANONİM ŞİRKETİ GÜZELBAHÇE ŞUBESİ,ÇAMLI MAHALLESİ SEFERİHİSAR CAD. NO: 201 /2 GÜZELBAHÇE/İZMİR
1573071,169960,ANONİM,KEMALPAŞA OSB,KEMALPAŞA,73,MADENCİLİK VE MERMER GRUBU,HAZ MERMER SANAYİ VE TİCARET ANONİM ŞİRKETİ İZMİR KEMALPAŞA ABRASİV ŞUBESİ,KEMALPAŞA OSB MAHALLESİ İZMİR ANKARA ASFALTI NO:52 KEMALPAŞA / İZMİR
1222461,135311,LİMİTED,ALAYBEY,KARŞIYAKA,73,MADENCİLİK VE MERMER GRUBU,HCC MADEN MAKİNA ARITMA ENERJİ NAKLİYAT SANAYİ TİCARET LİMİTED ŞİRKETİ,ALAYBEY MAHALLESİ 1671 SK. GİRİTLİGİL APT. NO: 55/1 KARŞIYAKA/İZMİR
2302087,252022,ANONİM,İSMET KAPTAN,KONAK,73,MADENCİLİK VE MERMER GRUBU,HERA DEMİR ÇELİK SANAYİ VE TİCARET ANONİM ŞİRKETİ,İSMET KAPTAN MAH. ŞAİR EŞREF BUL. RAGIP ŞANLI IŞ MERKEZI NO: 6 İÇ KAPI NO: 206 KONAK / İZMİR
2246671,238815,LİMİTED,ADALET,BAYRAKLI,73,MADENCİLİK VE MERMER GRUBU,HHTA KÖMÜR İNŞAAT SANAYİ VE TİCARET LİMİTED ŞİRKETİ,ADALET MAHALLESİ MANAS BULVARI NO: 39 İÇ KAPI NO: 2511 BAYRAKLI / İZMİR
1859021,199785,LİMİTED,MANSUROĞLU,BAYRAKLI,73,MADENCİLİK VE MERMER GRUBU,HK ULUSLARARASI TİCARET LİMİTED ŞİRKETİ,MANSUROĞLU MAHALLESİ 286/3 SK. NO: 14 B BAYRAKLI/İZMİR
2307364,257322,ANONİM,ÇINAR,BORNOVA,73,MADENCİLİK VE MERMER GRUBU,HSY MADENCİLİK SANAYİ VE TİCARET ANONİM ŞİRKETİ,ÇINAR MAH. 5003/2 SK. NO: 8 İÇ KAPI NO: 5 BORNOVA / İZMİR
731511,85479,LİMİTED,ALİ FUAT ERDEN,LİMONTEPE,73,MADENCİLİK VE MERMER GRUBU,HUZUR YAKIT ÜRÜNLERİ İNŞAAT MALZEMELERİ VE DOĞRAMA İŞLERİ SANAYİ VE TİCARET LİMİTED ŞİRKETİ,ALİ FUAT ERDEN MAHALLESİ 3820 SOKAK NO:200/A LİMONTEPE / İZMİR
1459771,158605,LİMİTED,KAKLIÇ,ÇİĞLİ,73,MADENCİLİK VE MERMER GRUBU,HÜSEYİN YILDIZ MERMER İNŞAAT MADENCİLİK NAKLİYAT SANAYİ VE TİCARET LİMİTED ŞİRKETİ,KAKLIÇ MAHALLESİ 10313 SK. NO: 4/1 ÇİĞLİ / İZMİR
1914911,205426,ANONİM,YENİCE,URLA,73,MADENCİLİK VE MERMER GRUBU,IPMS PETROL ARAMA VE ÜRETİM SANAYİ VE TİCARET ANONİM ŞİRKETİ ,YENİCE MAHALLESİ NO:5 KIRAÇ SK. 2 NO'LU Apt. URLA / İZMİR
959941,107011,LİMİTED,MANSUROĞLU,BAYRAKLI,73,MADENCİLİK VE MERMER GRUBU,IRMAK MADENCİLİK ASANSÖR SANAYİ VE TİCARET LİMİTED ŞİRKETİ ,MANSUROĞLU MAHALLESİ 295/2 SOK. NO:1 B BLOK KAT:7 DAİRE:762 BAYRAKLI / İZMİR
1680571,181945,LİMİTED,ESENYALI,KARABAĞLAR,73,MADENCİLİK VE MERMER GRUBU,ISKE GIDA İNŞAAT MADENCİLİK TURİZM LOJİSTİK SANAYİ VE TİCARET LİMİTED ŞİRKETİ,ESENYALI MAHALLESİ 52/53 SOKAK NO: 2A İÇ KAPI NO: A KARABAĞLAR / İZMİR
2260991,240254,ANONİM,ZAFER,BUCA,73,MADENCİLİK VE MERMER GRUBU,İDA SER DOĞAL TAŞ İNŞAAT VE YAPI MALZEMELERİ ANONİM ŞİRKETİ ,ZAFER MAHALLESİ GAFFAR OKKAN SOKAK NO:5 BUCA / İZMİR
935951,103923,ANONİM,ALSANCAK,KONAK,73,MADENCİLİK VE MERMER GRUBU,İMBAT MADENCİLİK ENERJİ TURİZM SANAYİ VE TİCARET ANONİM ŞİRKETİ,ALSANCAK MAH. ATATÜRK CAD. SOYHAN NO: 378/1 İÇ KAPI NO: 11 KONAK / İZMİR
2056231,219572,ANONİM,ADALET,BAYRAKLI,73,MADENCİLİK VE MERMER GRUBU,İMER MARBLE DOĞAL TAŞ İTHALAT İHRACAT SANAYİ VE TİCARET ANONİM ŞİRKETİ,ADALET MAHALLESİ MANAS BLV. FOLKART TOWERS APT. NO: 39/3201 BAYRAKLI/İZMİR
431801,62887,LİMİTED,İSMET KAPTAN,KONAK,73,MADENCİLİK VE MERMER GRUBU,İN PA MÜŞAVİRLİK VE MADEN İŞLERİ TİCARET LİMİTED ŞİRKETİ,İSMET KAPTAN MAHALLESİ 1362 SOKAK NO:30 BÜYÜK ÇAMLIBEL İŞ MERKEZİ KONAK/İZMİR
1787821,192572,ANONİM,CUMHURİYET,KEMALPAŞA,73,MADENCİLİK VE MERMER GRUBU,İNAMLIK METAL ÇELİK SANAYİ VE TİCARET ANONİM ŞİRKETİ,CUMHURİYET MAHALLESİ ADNAN MENDERES BLV. NO: 59 KEMALPAŞA/İZMİR
625061,98694,LİMİTED,ATATÜRK,KEMALPAŞA,73,MADENCİLİK VE MERMER GRUBU,İNAN ELMASLI KESİCİLER MADENCİLİK JEOLOJİ İNŞAAT İTHALAT İHRACAT SANAYİ VE TİCARET LİMİTED ŞİRKETİ,ATATÜRK MAHALLESİ 41 SK NO:4 ULUCAK KEMALPAŞA/İZMİR
945421,104856,LİMİTED,GAZİ,GAZİEMİR,73,MADENCİLİK VE MERMER GRUBU,İNCAL MİNERAL GÜBRE VE YEM SANAYİ TİCARET LİMİTED ŞİRKETİ ,GAZİ MAHALLESİ ABDULLAH ARDA MEYDANI NO:34 MEYDAN İŞ MERKEZİ KAT:3 DAİRE:304 GAZİEMİR / İZMİR
1484401,161009,ANONİM,ÇINARLI,KONAK,73,MADENCİLİK VE MERMER GRUBU,İPM ENDÜSTRİYEL MADENCİLİK ANONİM ŞİRKETİ,ÇINARLI MAHALLESİ ANKARA ASFALTI CAD. NO: 15/321 KONAK/İZMİR
440991,63800,ANONİM,ÇINARLI,KONAK,73,MADENCİLİK VE MERMER GRUBU,İPM İPERLİT MADENCİLİK VE İNŞAAT ANONİM ŞİRKETİ,ÇINARLI MAHALLESİ ANKARA ASFALTI CAD. NO: 15/321 KONAK/İZMİR
1962171,210192,ANONİM,AKDENİZ,KONAK,73,MADENCİLİK VE MERMER GRUBU,İSTMİN MADENCİLİK SANAYİ VE TİCARET ANONİM ŞİRKETİ,AKDENİZ MAH. HALİT ZİYA BUL. NO: 1 İÇ KAPI NO: 31 KONAK / İZMİR
1969691,210947,ANONİM,EGEMENLİK,BORNOVA,73,MADENCİLİK VE MERMER GRUBU,İZEGE MERMER MADENCİLİK SANAYİ VE TİCARET ANONİM ŞİRKETİ ,EGEMENLİK MAHALLESİ 6153 SK. NO: 4 R BORNOVA / İZMİR
2180091,232101,LİMİTED,ÇAMLI,GÜZELBAHÇE,73,MADENCİLİK VE MERMER GRUBU,İZMER ERVA MERMERCİLİK VE İNŞAAT SANAYİ VE TİCARET LİMİTED ŞİRKETİ ,ÇAMLI MAH. YAKA SK. NO: 2A GÜZELBAHÇE / İZMİR
2229271,237066,LİMİTED,KAZIMDİRİK,BORNOVA,73,MADENCİLİK VE MERMER GRUBU,İZMER MADENCİLİK SANAYİ VE TİCARET LİMİTED ŞİRKETİ,KAZIMDİRİK MAHALLESİ 372/14 SOKAK NO:13 BORNOVA / İZMİR
1800501,193858,LİMİTED,DOĞANLAR,BORNOVA,73,MADENCİLİK VE MERMER GRUBU,İZMETSAN METAL SANAYİ VE TİCARET LİMİTED ŞİRKETİ,DOĞANLAR MAHALLESİ 1427 SOKAK NO:6 BORNOVA / İZMİR
2244501,238576,ANONİM,KARAKUYU,MENDERES,73,MADENCİLİK VE MERMER GRUBU,İZMİR ÇİMENTO FABRİKASI TÜRK ANONİM ŞİRKETİ ÇİMENTAŞ MENDERES AGREGA ŞUBESİ,KARAKUYU MAH. 7655 SK. NO: 120/1 MENDERES / İZMİR
1918571,205803,ANONİM,KARAKUYU,MENDERES,73,MADENCİLİK VE MERMER GRUBU,İZMİR ÇİMENTO FABRİKASI TÜRK ANONİM ŞİRKETİ ÇİMENTAŞ MENDERES ŞUBESİ,KARAKUYU MAHALLESİ 7655 SK. NO: 120 MENDERES/İZMİR
270331,44674,LİMİTED,ÇINARLI,KONAK,73,MADENCİLİK VE MERMER GRUBU,İZMİR PERLİT MADENCİLİK VE SANAYİ LİMİTED ŞİRKETİ,ÇINARLI MAHALLESİ ANKARA ASFALTI CAD. NO: 15/321 KONAK/İZMİR
2290721,243287,LİMİTED,YALI,KARŞIYAKA,73,MADENCİLİK VE MERMER GRUBU,İZMİR SAC METAL TİCARET LİMİTED ŞİRKETİ,YALI MAH. 6523 SK. NO: 32CB KARŞIYAKA / İZMİR
2236651,237806,LİMİTED,SEYHAN,BUCA,73,MADENCİLİK VE MERMER GRUBU,KALAYLI METAL ORMAN ÜRÜNLERİ PROFİL SÜNGER TEKSTİL İNŞAAT VE TAAHHÜT OTOMOTİV SANAYİ VE TİCARET LİMİTED ŞİRKETİ İZMİR METAL PROFİL MOBİLYA,SEYHAN MAHALLESİ 659/7 SK. NO: 14 İÇ KAPI NO: 1 BUCA / İZMİR
472951,66186,LİMİTED,KÜLTÜR,ALSANCAK,73,MADENCİLİK VE MERMER GRUBU,KALSİPAR ENDÜSTRİYEL HAMMADDELER VE MAKİNA SANAYİ VE TİCARET LİMİTED ŞİRKETİ,KÜLTÜR MAHALLESİ ATATÜRK CADDESİ NO:174/1 KAT:5 DAİRE:10 ALSANCAK / İZMİR
2297131,247045,LİMİTED,OĞLANANASI ATATÜRK,MENDERES,73,MADENCİLİK VE MERMER GRUBU,KAMUFLAJ MERMER SANAYİ TİCARET LİMİTED ŞİRKETİ,OĞLANANASI ATATÜRK MAH. 7037 SK. NO: 40 MENDERES / İZMİR
1732561,187043,ANONİM,AKDENİZ,KONAK,73,MADENCİLİK VE MERMER GRUBU,KAPTOR GELİŞMİŞ GIDA TARIM TEKNOLOJİLERİ ANONİM ŞİRKETİ,AKDENİZ MAHALLESİ ŞEHİT FETHİBEY CADDESİ HERİS TOWER BLOK NO: 55 İÇ KAPI NO: 091 KONAK / İZMİR
2304215,254160,LİMİTED,OĞLANANASI ATATÜRK,MENDERES,73,MADENCİLİK VE MERMER GRUBU,KAPUTAŞ MERMER MADEN SANAYİ VE TİCARET LİMİTED ŞİRKETİ,OĞLANANASI ATATÜRK MAH. 7037 SK. NO: 40 MENDERES / İZMİR
1260191,2604,ANONİM,ADATEPE,BUCA,73,MADENCİLİK VE MERMER GRUBU,KARABACAK MADENCİLİK SANAYİ VE DIŞ TİCARET TURİZM ANONİM ŞİRKETİ ,ADATEPE MAH. 62/9 SK. DUYGU BLOK NO: 10B İÇ KAPI NO: B BUCA / İZMİR
1360031,2600,LİMİTED,ADATEPE,BUCA,73,MADENCİLİK VE MERMER GRUBU,KARABACAK MERMER VE MADEN SANAYİ VE TİCARET LİMİTED ŞİRKETİ ,ADATEPE MAHALLESİ 62/9 SOK. DUYGU BLOK NO:10B İÇKAPINO:B BUCA / İZMİR
808821,89659,ANONİM,İSMET KAPTAN,KONAK,73,MADENCİLİK VE MERMER GRUBU,KARBON ARAY ENERJİ MADENCİLİK NAKLİYE SANAYİ VE TİCARET ANONİM ŞİRKETİ,İSMET KAPTAN MAHALLESİ 1372 SOKAK NO:13 KAT:6-7 ÇANKAYA KONAK/İZMİR
2126011,226662,LİMİTED,ADALET,BAYRAKLI,73,MADENCİLİK VE MERMER GRUBU,KARBON PASLANMAZ ÇELİK ENDÜSTRİYEL ÜRÜNLER DIŞ TİCARET VE SANAYİ LİMİTED ŞİRKETİ,ADALET MAH. MANAS BUL. NO: 39 İÇ KAPI NO: 2204 BAYRAKLI / İZMİR
971261,108286,LİMİTED,KAZIMDİRİK,BORNOVA,73,MADENCİLİK VE MERMER GRUBU,KARMAK İNŞAAT PETROLTURİZM SANAYİ VE TİCARET LİMİTED ŞİRKETİ,KAZIMDİRİK MAHALLESİ 200 SK. TEKİN APT. NO: 2 /1/2 BORNOVA/İZMİR
2269121,241083,LİMİTED,YALI,KARŞIYAKA,73,MADENCİLİK VE MERMER GRUBU,KARMİN MİNERAL MADENCİLİK MAKİNA İHRACAT İTHALAT SANAYİ VE TİCARET LİMİTED ŞİRKETİ,YALI MAH. 6417 SK. YALI BLOK NO: 50 İÇ KAPI NO: 13 KARŞIYAKA / İZMİR
299361,47355,ANONİM,KEMALPAŞA,BORNOVA,73,MADENCİLİK VE MERMER GRUBU,KAYA MADENCİLİK ENDÜSTRİ TAAHHÜT MONTAJ SANAYİ VE TİCARET ANONİM ŞİRKETİ,KEMALPAŞA MAHALLESİ 7421 SK. NO: 26/_ BORNOVA/İZMİR
302041,47858,LİMİTED,ADALET,BAYRAKLI,73,MADENCİLİK VE MERMER GRUBU,KAYAÇ OLUŞUMLARI MADENCİLİK ENDÜSTRİ SANAYİ TİCARET LİMİTED ŞİRKETİ,ADALET MAHALLESİ HAYDAR ALİYEV CADDESİ NO:42/8 BAYRAKLI / İZMİR
2063951,220428,LİMİTED,BAHRİYE ÜÇOK,KARABAĞLAR,73,MADENCİLİK VE MERMER GRUBU,KAYALAR ODUN KÖMÜR AMBALAJ İNŞAAT MERMER SANAYİ VE TİCARET LİMİTED  ŞİRKETİ KARABAĞLAR ŞUBESİ,BAHRİYE ÜÇOK MAHALLESİ ÖĞRETMEN RASİME ŞEYHOĞLU SK. NO:64 KARABAĞLAR / İZMİR
1856271,199502,LİMİTED,TEPEKULE,BAYRAKLI,73,MADENCİLİK VE MERMER GRUBU,KAYAMER GRANİT MERMER MADENCİLİK MOBİLYA GIDA İNŞAAT NAKLİYAT SANAYİ VE TİCARET LİMİTED ŞİRKETİ,TEPEKULE MAHALLESİ 2084/8 SOKAK NURCAN Sit. POLATOĞLU Apt. NO: 73 H BAYRAKLI / İZMİR
2283141,242507,LİMİTED,ADALET,BAYRAKLI,73,MADENCİLİK VE MERMER GRUBU,KAYASAN DEMİR ÇELİK VE METAL TİCARET LİMİTED ŞİRKETİ,ADALET MAH. MANAS BUL. FOLKART TOWERS BLOK NO: 47B İÇ KAPI NO: 2809 BAYRAKLI / İZMİR
1745641,188332,ANONİM,MORDOĞAN,KARABURUN,73,MADENCİLİK VE MERMER GRUBU,KAYNAK ALÜMİNYUM DEMİR SANAYİ VE TİCARET ANONİM ŞİRKETİ ,MORDOĞAN MAHALLESİ 194 SK. NO:13 KARABURUN / İZMİR
2150731,229145,LİMİTED,ZAFER,BUCA,73,MADENCİLİK VE MERMER GRUBU,KENAN GÜNAY MERMER İNŞAAT TAAHHÜT İTHALAT İHRACAT SANAYİ TİCARET LİMİTED ŞİRKETİ,ZAFER MAH. 2302 SK. NO: 6B BUCA / İZMİR
2129441,227005,LİMİTED,ÜMİT,BORNOVA,73,MADENCİLİK VE MERMER GRUBU,KENANOĞLU METAL NAKLİYE TARIM HAYVANCILIK İNŞAAT MAKİNE İTHALAT İHRACAT SANAYİ TİCARET LİMİTED ŞİRKETİ,ÜMİT MAH. PINAR CAD. NO: 103/1 BORNOVA / İZMİR
829321,91001,ANONİM,BARBAROS,BORNOVA,73,MADENCİLİK VE MERMER GRUBU,KENT MADENCİLİK SANAYİ VE TİCARET ANONİM ŞİRKETİ ,BARBAROS MAHALLESİ 5454 SOKAK NO:37/1B ÇAMDİBİ BORNOVA / İZMİR
872781,96168,LİMİTED,YENİ,MENDERES,73,MADENCİLİK VE MERMER GRUBU,KILIÇ MERMER İNŞAAT TURİZM SANAYİ VE TİCARET LİMİTED ŞİRKETİ ,YENİ MAHALLESİ 21.KM İZMİR AYDIN KARAYOLU KISIKKÖY MENDERES / İZMİR
2241211,238268,LİMİTED,ADALET,BAYRAKLI,73,MADENCİLİK VE MERMER GRUBU,KIRCAN DEMİR ÇELİK İNŞAAT PLASTİK KİMYA SANAYİ VE TİCARET LİMİTED ŞİRKETİ,ADALET MAHALLESİ MANAS BUL. NO: 39 İÇ KAPI NO: 2511 BAYRAKLI / İZMİR
1629601,176844,LİMİTED,İSMET KAPTAN,KONAK,73,MADENCİLİK VE MERMER GRUBU,KIRMIZI BEYAZ AKDENİZ MADENCİLİK SANAYİ VE DIŞ TİCARET LİMİTED ŞİRKETİ ,İSMET KAPTAN MAHALLESİ 1370 SOKAK NO:42 DAİRE: 81-82 KAT:8 KONAK / İZMİR
1629401,176830,LİMİTED,İSMET KAPTAN,KONAK,73,MADENCİLİK VE MERMER GRUBU,KIRMIZI BEYAZ ANADOLU MADENCİLİK SANAYİ VE DIŞ TİCARET LİMİTED  ŞİRKETİ,İSMET KAPTAN MAHALLESİ 1370 SOKAK NO:42/81-82 KONAK / İZMİR
1991071,213090,ANONİM,İSMET KAPTAN,KONAK,73,MADENCİLİK VE MERMER GRUBU,KIRMIZI BEYAZ MADENCİLİK SANAYİ TİCARET ANONİM ŞİRKETİ,İSMET KAPTAN MAHALLESİ 1370 SK. YALAY IŞ MERKEZI APT. NO: 42/81 KONAK/İZMİR
2255661,239720,ANONİM,AKDENİZ,KONAK,73,MADENCİLİK VE MERMER GRUBU,KİAŞCOAL MADENCİLİK ENERJİ SANAYİ VE TİCARET ANONİM ŞİRKETİ,AKDENİZ MAHALLESİ ŞEHİT FETHİBEY CADDESİ NO:55 HERİS TOWER BLOK İÇ KAPI NO: 171 KONAK / İZMİR
1192051,68262,ANONİM,KÜLTÜR,KONAK,73,MADENCİLİK VE MERMER GRUBU,KİMTAŞ KİREÇ SANAYİ VE TİCARET ANONİM ŞİRKETİ,KÜLTÜR MAHALLESİ ATATÜRK CADDESİ NO:174/1 EKİM APT. KAT:5 DAİRE:10 ALSANCAK KONAK/İZMİR
2204681,234580,LİMİTED,GAZİ,GAZİEMİR,73,MADENCİLİK VE MERMER GRUBU,KLÇ DEMİR ÇELİK İNŞAAT TAAHHÜT VE TAŞIMACILIK SANAYİ TİCARET LİMİTED ŞİRKETİ,GAZİ MAHALLESİ AKÇAY CAD. DENİZ BANK BLOK NO: 216 İÇ KAPI NO: 2 GAZİEMİR / İZMİR
621281,77926,LİMİTED,AYDIN,KARABAĞLAR,73,MADENCİLİK VE MERMER GRUBU,KOCAPINAR MERMERCİLİK İNŞAAT TURİZM GIDA SANAYİ VE TİCARET İTHALAT İHRACAT LİMİTED ŞİRKETİ,AYDIN MAH. 4328 SK. NO: 43 KARABAĞLAR / İZMİR
1739711,187738,LİMİTED,ATAŞEHİR,ÇİĞLİ,73,MADENCİLİK VE MERMER GRUBU,KOLAY MERMER SANAYİ VE TİCARET LİMİTED ŞİRKETİ ,ATAŞEHİR MAHALLESİ 8229/2 SK. NO: 25 ÇİĞLİ / İZMİR
2117051,225760,ANONİM,KEMALPAŞA,MENDERES,73,MADENCİLİK VE MERMER GRUBU,KORDON MADENCİLİK SANAYİ TİCARET ANONİM ŞİRKETİ ,KEMALPAŞA MAHALLESİ ATATÜRK CAD. NO: 80 İÇ KAPI NO: 12 MENDERES / İZMİR
1310161,901,LİMİTED,ÇİFTLİK,ÇEŞME,73,MADENCİLİK VE MERMER GRUBU,KÖKSÜZLER ANS SU ÜRÜNLERİ RESTORAN TURİZM İNŞAAT MERMER SANAYİ VE TİCARET LİMİTED ŞİRKETİ,ÇİFTLİK MAHALLESİ 5 SOK. NO:2 ÇEŞME / İZMİR
2297384,247306,LİMİTED,ÇİFTLİK,ÇEŞME,73,MADENCİLİK VE MERMER GRUBU,KÖKSÜZLER ANS SU ÜRÜNLERİ RESTORAN TURİZM İNŞAAT MERMER SANAYİ VE TİCARET LİMİTED ŞİRKETİ OTEL ŞUBESİ,ÇİFTLİK MAH. 112 SK. NO: 3 İÇ KAPI NO: 1 ÇEŞME / İZMİR
1592581,161696,LİMİTED,AŞIK VEYSEL,KARABAĞLAR,73,MADENCİLİK VE MERMER GRUBU,KÖMÜRCÜ KARDEŞLER AMBALAJ GIDA İHTİYAÇ MADDELERİ SANAYİ VE TİCARET LİMİTED ŞİRKETİ,AŞIK VEYSEL MAHALLESİ 5733 SK. NO: 101/0 KARABAĞLAR/İZMİR
2235341,237665,LİMİTED,OĞLANANASI ATATÜRK,MENDERES,73,MADENCİLİK VE MERMER GRUBU,KÖZZADE MANGAL KÖMÜRÜ MADENCİLİK MAKİNA PETROL OTOMOTİV İTHALAT VE İHRACAT LİMİTED ŞİRKETİ,OĞLANANASI ATATÜRK MAHALLESİ 7036/1 SOK. MENDERES / İZMİR
1868501,200749,ANONİM,EGEMENLİK,BORNOVA,73,MADENCİLİK VE MERMER GRUBU,LEOX ENDÜSTRİ ÜRÜNLERİ SANAYİ VE TİCARET ANONİM ŞİRKETİ,EGEMENLİK MAH. 6106/19 SK. NO: 5 BORNOVA / İZMİR
2009411,214936,ANONİM,ADALET,BAYRAKLI,73,MADENCİLİK VE MERMER GRUBU,LİDER BENTONİT MADENCİLİK SANAYİ VE TİCARET ANONİM ŞİRKETİ,ADALET MAHALLESİ ANADOLU CAD. MEGAPOL TOWER APT. NO: 41/101 BAYRAKLI/İZMİR
2175361,231627,ANONİM,GÖRECE CUMHURİYET,MENDERES,73,MADENCİLİK VE MERMER GRUBU,LİKART ALÜMİNYUM SANAYİ VE TİCARET ANONİM ŞİRKETİ ,GÖRECE CUMHURİYET MAHALLESİ GÜLÇIRPICI CAD. GÜLÇIRPI CAD. D BLOK NO: 11D4 İÇ KAPI NO: 4 MENDERES / İZMİR
577201,6664,LİMİTED,İTOB OSB,MENDERES,73,MADENCİLİK VE MERMER GRUBU,LİKYA MİNERALS MADENCİLİK SANAYİ VE TİCARET LİMİTED ŞİRKETİ,İTOB OSB MAH. 10020 SK. NO: 17 MENDERES / İZMİR
2293966,243859,ANONİM,ÇINARLI,KONAK,73,MADENCİLİK VE MERMER GRUBU,LİNA MADENCİLİK PETROL ENERJİ TARIM VE HAYVANCILIK SANAYİ TİCARET ANONİM ŞİRKETİ,ÇINARLI MAH. ANKARA ASFALTI CAD. NO: 15 İÇ KAPI NO: 231 KONAK / İZMİR
1631521,177040,ANONİM,YALI,KARŞIYAKA,73,MADENCİLİK VE MERMER GRUBU,LUNA MERMER ANONİM ŞİRKETİ ,YALI MAHALLESİ 6470/3 SOKAK NO:1 DAİRE:14 KARŞIYAKA / İZMİR
1208621,133821,LİMİTED,DOĞANLAR,BORNOVA,73,MADENCİLİK VE MERMER GRUBU,MACİT DEMİR BORU PROFİL İNŞAAT TURİZM NAKLİYAT SANAYİ VE TİCARET LİMİTED ŞİRKETİ,DOĞANLAR MAHALLESİ 1484/1 SK. NO:3 BORNOVA / İZMİR
2304417,254355,ANONİM,YENİKALE,NARLIDERE,73,MADENCİLİK VE MERMER GRUBU,MADENBİZ MADENCİLİK VE DANIŞMANLIK ANONİM ŞİRKETİ,YENİKALE MAH. FIRAT SK. NO: 2 İÇ KAPI NO: 3 NARLIDERE / İZMİR
385741,56838,LİMİTED,YENİŞEHİR,KONAK,73,MADENCİLİK VE MERMER GRUBU,MADENCİ TAŞ MADEN OTOMOTİV PETROL ÜRÜNLERİ İNŞAAT TURİZM SANAYİ VE TİCARET LİMİTED ŞİRKETİ,YENİŞEHİR MAHALLESİ 1202 SOK. NO:148/202 KONAK / İZMİR
1657311,179599,LİMİTED,KAZIMDİRİK,BORNOVA,73,MADENCİLİK VE MERMER GRUBU,MADNER MADEN İNŞAAT HARFİYAT TAŞIMACILIK SANAYİ VE TİCARET LİMİTED ŞİRKETİ,KAZIMDİRİK MAHALLESİ 200 SK. TEKİN APT. NO: 2 /1/2 BORNOVA/İZMİR
2165631,230643,LİMİTED,ALSANCAK,KONAK,73,MADENCİLİK VE MERMER GRUBU,MAJÖR MADENCİLİK SANAYİ VE TİCARET LİMİTED ŞİRKETİ ,ALSANCAK MAHALLESİ 1479 SOKAK SEZER BLOK NO: 12 İÇ KAPI NO: 41 KONAK / İZMİR
1959851,209954,LİMİTED,ÇINARLI,KONAK,73,MADENCİLİK VE MERMER GRUBU,MARAL KATI YAKIT MADENCİLİK TİCARET VE SANAYİ LİMİTED ŞİRKETİ,ÇINARLI MAH. 1572 SK. NO: 33 KONAK / İZMİR
1980361,212025,ANONİM,ADALET,BAYRAKLI,73,MADENCİLİK VE MERMER GRUBU,MARBLE BY DEMİREKS MADENCİLİK SANAYİ VE TİCARET ANONİM ŞİRKETİ,ADALET MAH. MANAS BUL. FOLKART TOWERS BLOK NO: 47B İÇ KAPI NO: 2601 BAYRAKLI / İZMİR
2271671,241348,LİMİTED,AKDENİZ,KONAK,73,MADENCİLİK VE MERMER GRUBU,MARBLE EFFECT MADENCİLİK SANAYİ VE TİCARET LİMİTED ŞİRKETİ,AKDENİZ MAH. HALİT ZİYA BUL. NO: 6 İÇ KAPI NO: 31 KONAK / İZMİR
2266091,240780,LİMİTED,AOSB,ÇİĞLİ,73,MADENCİLİK VE MERMER GRUBU,MARBLERART MERMER MOBİLYA SANAYİ VE TİCARET LİMİTED ŞİRKETİ ,AOSB MAHALLESİ 10006/1 SK. NO:8 ÇİĞLİ / İZMİR
2296127,246042,LİMİTED,ÇINARLI,KONAK,73,MADENCİLİK VE MERMER GRUBU,MARK PASLANMAZ ÇELİK SANAYİ VE TİCARET LİMİTED ŞİRKETİ,ÇINARLI MAH. 1570 SK. KUYUMCU NO: 19 İÇ KAPI NO: 32 KONAK / İZMİR
2244031,238553,LİMİTED,TUNA,BORNOVA,73,MADENCİLİK VE MERMER GRUBU,MASS DÖKÜM METAL SANAYİ VE TİCARET LİMİTED ŞİRKETİ ,TUNA MAHALLESİ 5615 SOKAK NO:4 BORNOVA / İZMİR
1724621,186254,LİMİTED,ADALET,BAYRAKLI,73,MADENCİLİK VE MERMER GRUBU,MASTER ALÜMİNYUM İNŞAAT PAZARLAMA SANAYİ VE TİCARET LİMİTED ŞİRKETİ,ADALET MAHALLESİ MANAS BLV. NO: 39 İÇ KAPI NO: 2511 BAYRAKLI / İZMİR
1997441,213735,LİMİTED,FATİH,GAZİEMİR,73,MADENCİLİK VE MERMER GRUBU,MAZEN MERMER İNŞAAT TAAHHÜT SANAYİ VE TİCARET LİMİTED ŞİRKETİ,FATİH MAHALLESİ 1197 SK. NO: 5 /2 GAZİEMİR/İZMİR
2306616,256584,LİMİTED,ADALET,BAYRAKLI,73,MADENCİLİK VE MERMER GRUBU,MDY MADENCİLİK İNŞAAT SANAYİ VE TİCARET LİMİTED ŞİRKETİ,ADALET MAH. MANAS BUL. FOLKART TOWERS NO: 39 İÇ KAPI NO: 3201 BAYRAKLI / İZMİR
1436621,156320,LİMİTED,MALTEPE,ÇİĞLİ,73,MADENCİLİK VE MERMER GRUBU,MELİKTAŞ MADENCİLİK İNŞAAT NAKLİYAT GERİ DÖNÜŞÜM HAYVANCILIK  İTHALAT İHRACAT SANAYİ VE TİCARET LİMİTED ŞİRKETİ,MALTEPE MAHALLESİ 8108/1 SOK. NO: 7 ÇİĞLİ / İZMİR
1855891,199464,LİMİTED,İNÖNÜ,KARŞIYAKA,73,MADENCİLİK VE MERMER GRUBU,MELİN MADENCİLİK İNŞAAT SANAYİ VE TİCARET LİMİTED ŞİRKETİ,İNÖNÜ MAH. 6732/2 SK. NO: 1D İÇ KAPI NO: 13 KARŞIYAKA / İZMİR
1622581,176161,LİMİTED,SEYHAN,BUCA,73,MADENCİLİK VE MERMER GRUBU,MERAS MERMER İNŞAAT SANAYİ VE TİCARET LİMİTED ŞİRKETİ ,SEYHAN MAHALLESİ 711/2 SK. NO:5/A BUCA / İZMİR
2078661,221920,LİMİTED,RAFET PAŞA,BORNOVA,73,MADENCİLİK VE MERMER GRUBU,MERİDYEN HAM MADDE VE MAKİNA İTHALAT İHRACAT TİCARET LİMİTED ŞİRKETİ,RAFET PAŞA MAH. 5373 SK. B BLOK SİTESİ ÇOLPAN NO: 50/1 İÇ KAPI NO: 2 BORNOVA / İZMİR
1740361,187800,LİMİTED,KAZIMDİRİK,BORNOVA,73,MADENCİLİK VE MERMER GRUBU,MERİT MADENCİLİK SANAYİ VE TİCARET LİMİTED ŞİRKETİ ,KAZIMDİRİK MAHALLESİ 372/14 SOKAK NO:13 BORNOVA / İZMİR
1870651,200974,LİMİTED,LATİFE HANIM,KARŞIYAKA,73,MADENCİLİK VE MERMER GRUBU,MERKUM MERMER İNŞAAT TAAHHÜT NAKLİYAT TURİZM HAYVANCILIK İTHALAT İHRACAT SANAYİ TİCARET LİMİTED ŞİRKETİ,LATİFE HANIM MAHALLESİ 7686 SK. NO: 21/1 KARŞIYAKA/İZMİR
1718461,185668,LİMİTED,LATİFE HANIM,KARŞIYAKA,73,MADENCİLİK VE MERMER GRUBU,MERMERCİEFE İNŞAAT MÜHENDİSLİK SANAYİ VE TİCARET LİMİTED ŞİRKETİ,LATİFE HANIM MAH. 7686 SK. TEMEL BLOK NO: 13 İÇ KAPI NO: 1 KARŞIYAKA / İZMİR
1319361,145044,ANONİM,ANSIZCA,KEMALPAŞA,73,MADENCİLİK VE MERMER GRUBU,MESEMAR DEMİR ÇELİK ÜRÜNLERİ SANAYİ TİCARET ANONİM ŞİRKETİ,ANSIZCA MAH. ANSIZCA KÖY YOLU KÜME EVLERİ NO: 369 İÇ KAPI NO: 1 KEMALPAŞA / İZMİR
2035581,217578,ANONİM,HALKAPINAR,KONAK,73,MADENCİLİK VE MERMER GRUBU,METALTEK ENERJİ SANAYİ VE TİCARET ANONİM ŞİRKETİ,HALKAPINAR MAH. 1348 SK. TEKNİK MALZEME İŞM. NO: 5 İÇ KAPI NO: 311 KONAK / İZMİR
2060991,220137,LİMİTED,MİMAR SİNAN,KONAK,73,MADENCİLİK VE MERMER GRUBU,MHK MADENCİLİK KÖMÜR NAKLİYE İNŞAAT BİLGİSAYAR AKSESUAR TEMİZLİK  MALZEMELERİ SANAYİ VE TİCARET LİMİTED ŞİRKETİ,MİMAR SİNAN MAHALLESİ 1405 SOKAK NO:18/3 A.İNSEL Apt. KONAK / İZMİR
2260231,240149,LİMİTED,ADALET,BAYRAKLI,73,MADENCİLİK VE MERMER GRUBU,MISRA MARBLE MADEN OTOMOTİV İTHALAT İHRACAT SANAYİ VE TİCARET LİMİTED ŞİRKETİ,ADALET MAH. ANADOLU CAD. NO: 21/3 İÇ KAPI NO: 2604 BAYRAKLI / İZMİR
1933761,207319,ANONİM,AKDENİZ,KONAK,73,MADENCİLİK VE MERMER GRUBU,MİKRO MİNERAL ENDÜSTRİYEL MİNERALLER SANAYİ VE TİCARET ANONİM ŞİRKETİ,AKDENİZ MAHALLESİ CUMHURİYET BLV. NO: 86/41 KONAK/İZMİR
1453231,157962,LİMİTED,ALAYBEY,KARŞIYAKA,73,MADENCİLİK VE MERMER GRUBU,MİNECO MADEN ENDÜSTRİYEL HAMMADDE MÜHENDİSLİK SANAYİ VE TİCARET LİMİTED ŞİRKETİ,ALAYBEY MAHALLESİ 1671 SK. NO:55/1 GİRİTLİGİL Apt. KARŞIYAKA / İZMİR
2206701,234794,LİMİTED,EVKA 3,BORNOVA,73,MADENCİLİK VE MERMER GRUBU,MPSTONE MADENCİLİK SANAYİ VE TİCARET LİMİTED ŞİRKETİ ,EVKA 3 MAHALLESİ 129 SK. NO: 3 İÇ KAPI NO: 106 BORNOVA / İZMİR
1914941,205434,ANONİM,YENİCE,URLA,73,MADENCİLİK VE MERMER GRUBU,MS PETROL VE PETROL MAMÜLLERİ TİCARET ANONİM ŞİRKETİ ,YENİCE MAHALLESİ NO:5 KIRAÇ SK. 2 NO'LU Apt. URLA / İZMİR
1466671,159259,LİMİTED,KARACAOĞLAN,BORNOVA,73,MADENCİLİK VE MERMER GRUBU,MURAT SALİHOĞLU İNŞAAT TURİZM NAKLİYE GIDA SANAYİ VE TİCARET LİMİTED ŞİRKETİ,KARACAOĞLAN MAHALLESİ KEMALPAŞA CAD. NO:285 BORNOVA / İZMİR
2173831,231472,LİMİTED,BAYRAKLI,BAYRAKLI,73,MADENCİLİK VE MERMER GRUBU,MY GRUP HARİTA MADENCİLİK HURDACILIK SANAYİ TİCARET LİMİTED ŞİRKETİ ,BAYRAKLI MAHALLESİ 1915 SOK. NO: 4 İÇ KAPI NO: 4 BAYRAKLI / İZMİR
2180721,232172,LİMİTED,MEVLANA,BORNOVA,73,MADENCİLİK VE MERMER GRUBU,MYSTONE KURUMSAL DESTEK HİZMETLERİ LİMİTED ŞİRKETİ ,MEVLANA MAHALLESİ 1722 SOKAK NO:43/A BORNOVA / İZMİR
915091,101640,LİMİTED,KAHRAMANDERE,GÜZELBAHÇE,73,MADENCİLİK VE MERMER GRUBU,NAÇEV MERMER VE İNŞAAT MADENCİLİK SANAYİ VE TİCARET LİMİTED ŞİRKETİ,KAHRAMANDERE MAHALLESİ SEFERİHİSAR CAD. NO:92 GÜZELBAHÇE/İZMİR
1856431,199528,LİMİTED,SİTELER,GÜZELBAHÇE,73,MADENCİLİK VE MERMER GRUBU,NAÇEV MERMER VE İNŞAAT MADENCİLİK SANAYİ VE TİCARET LİMİTED ŞİRKETİ SANAYİ ŞUBESİ,SİTELER MAHALLESİ 460 SK. NO: 98/_ GÜZELBAHÇE/İZMİR
2302758,252685,LİMİTED,GÖRECE CUMHURİYET,MENDERES,73,MADENCİLİK VE MERMER GRUBU,NALBANTOĞLU ALÜMİNYUM PAZARLAMA SANAYİ VE TİCARET LİMİTED ŞİRKETİ,GÖRECE CUMHURİYET MAH. MİTHATPAŞA CAD. 2A1 NO: 2R MENDERES / İZMİR
1712471,99577,LİMİTED,EGEMENLİK,BORNOVA,73,MADENCİLİK VE MERMER GRUBU,NAMTAŞ DÖKÜM VE DÖKÜM MALZEMELERİ SANAYİ  VE TİCARET LİMİTED ŞİRKETİ ,EGEMENLİK MAHALLESİ 106/10 SOK. NO:2 IŞIKKENT BORNOVA / İZMİR
2085841,222632,LİMİTED,EGEMENLİK,BORNOVA,73,MADENCİLİK VE MERMER GRUBU,NASİP POLİETİLEN HAM MADDE İTHALAT İHRACAT TİCARET LİMİTED ŞİRKETİ ,EGEMENLİK MAHALLESİ 6106/15 SOKAK NO: 13A BORNOVA / İZMİR
1970071,210987,LİMİTED,DOĞANLAR,BORNOVA,73,MADENCİLİK VE MERMER GRUBU,NASİP SAC İNŞAAT METAL ÜRÜNLERİ SANAYİ TİCARET LİMİTED ŞİRKETİ,DOĞANLAR MAH. 1607 SK. 5. B.B. NO: 21D BORNOVA / İZMİR
1972181,211204,LİMİTED,KARABAĞLAR,KARABAĞLAR,73,MADENCİLİK VE MERMER GRUBU,NATUREL PROFİL ALÜMİNYUM SANAYİ VE TİCARET LİMİTED ŞİRKETİ ,KARABAĞLAR MAHALLESİ 5758 SOKAK NO:33 KARABAĞLAR / İZMİR
1429161,155585,LİMİTED,ÇAMLI,GÜZELBAHÇE,73,MADENCİLİK VE MERMER GRUBU,NAZIM VURAL MADENCİLİK İNŞAAT GIDA TURİZM MOBİLYA DEKORASYON VE TEMİZLİK HİZMETLERİ SANAYİ TİCARET LİMİTED ŞİRKETİ,ÇAMLI MAHALLESİ YAKA SK. NO: 2 /1 GÜZELBAHÇE/İZMİR
1628921,176785,ANONİM,HACI MAHMUT,KONAK,73,MADENCİLİK VE MERMER GRUBU,NEDYA MADENCİLİK ÜRETİM VE TİCARET SANAYİ ANONİM ŞİRKETİ ,HACI MAHMUT MAHALLESİ 848 SOK. NO:45/306 KONAK / İZMİR
2229661,237104,ANONİM,ADALET,BAYRAKLI,73,MADENCİLİK VE MERMER GRUBU,NICOLAI ELMAS ÜRÜNLERİ SATIŞ VE PAZARLAMA ANONİM ŞİRKETİ ,ADALET MAHALLESİ MANAS BUL. FOLKART TOWERS BLOK NO: 47B İÇ KAPI NO:2601 BAYRAKLI / İZMİR
2229481,237087,LİMİTED,MANSUROĞLU,BAYRAKLI,73,MADENCİLİK VE MERMER GRUBU,NİSA KÖMÜR MADENCİLİK OTOMOTİV VE İNŞAAT MALZEMELERİ TİCARET LİMİTED ŞİRKETİ,MANSUROĞLU MAHALLESİ 1593/1 SOK. İNŞAAT BLOK NO: 4 İÇ KAPI NO: 5 BAYRAKLI / İZMİR
2036821,217707,LİMİTED,EGEMENLİK,BORNOVA,73,MADENCİLİK VE MERMER GRUBU,NOVA SANAYİ ÜRÜNLERİ DIŞ TİCARET LİMİTED ŞİRKETİ ,EGEMENLİK MAHALLESİ 6121 SOKAK MERKEZ ÇARŞI BLOK NO: 1 İÇ KAPI NO: 393 BORNOVA / İZMİR
1176551,130836,LİMİTED,SOĞUKKUYU,BAYRAKLI,73,MADENCİLİK VE MERMER GRUBU,OBA DEMİR ÇELİK İNŞAAT TAAHHÜT ELEKTRONİK HEDİYELİK EŞYA ÇİÇEKÇİLİK PAZARLAMA SANAYİ TİCARET LİMİTED ŞİRKETİ,SOĞUKKUYU MAHALLESİ GİRNE BULVARI NO:222 KAT:1 DAİRE:3 BAYRAKLI / İZMİR
1598871,173747,LİMİTED,İSMET KAPTAN,KONAK,73,MADENCİLİK VE MERMER GRUBU,OBAMER MADENCİLİK SANAYİ VE TİCARET LİMİTED ŞİRKETİ,İSMET KAPTAN MAHALLESİ GAZİ BLV. NO: 112/501 KONAK/İZMİR
1314671,169,LİMİTED,ÇATALKAYA,KARABURUN,73,MADENCİLİK VE MERMER GRUBU,OLİMAR MADENCİLİK İTHALAT VE İHRACAT SANAYİ VE TİCARET LİMİTED ŞİRKETİ KARABURUN ŞUBESİ,ÇATALKAYA MAHALLESİ MORDOĞAN KARABURUN / İZMİR
705971,83850,LİMİTED,BASIN SİTESİ,KARABAĞLAR,73,MADENCİLİK VE MERMER GRUBU,ONİKS MADENCİLİK MÜHENDİSLİK NAKLİYE SANAYİ VE TİCARET LİMİTED ŞİRKETİ,BASIN SİTESİ MAHALLESİ İNÖNÜ CAD. NO:445/13 EGE-2 Apt. KARABAĞLAR / İZMİR
2187741,232885,ANONİM,OĞLANANASI ATATÜRK,MENDERES,73,MADENCİLİK VE MERMER GRUBU,OPTİMA EVYE MADENCİLİK İTHALAT İHRACAT ANONİM ŞİRKETİ ,OĞLANANASI ATATÜRK MAHALLESİ 4 CAD. NO:141 MENDERES / İZMİR
2294031,243926,ANONİM,ALSANCAK,KONAK,73,MADENCİLİK VE MERMER GRUBU,OSM GRUP ENERJİ MÜHENDİSLİK İNŞAAT ANONİM ŞİRKETİ,ALSANCAK MAH. ATATÜRK CAD. BAŞAK BLOK NO: 346A İÇ KAPI NO: 346A KONAK / İZMİR
504201,63609,LİMİTED,TUNA,BORNOVA,73,MADENCİLİK VE MERMER GRUBU,OTOMAT ALÜMİNYUM İNŞAAT SANAYİ VE TİCARET LİMİTED ŞİRKETİ ,TUNA MAHALLESİ 5615 SOKAK NO:6 BORNOVA / İZMİR
1658291,179685,LİMİTED,OĞLANANASI,MENDERES,73,MADENCİLİK VE MERMER GRUBU,OVALI MADENCİLİK İNŞAAT TARIM VE HAYVANCILIK SANAYİ TİCARET LİMİTED ŞİRKETİ,OĞLANANASI MAHALLESİ 1.CADDE NO:138 MENDERES / İZMİR
1956391,209608,ANONİM,KEMALPAŞA OSB,KEMALPAŞA,73,MADENCİLİK VE MERMER GRUBU,OZ SİLTAŞ MERMER İMALAT VE SANAYİ TİCARET ANONİM ŞİRKETİ,KEMALPAŞA OSB MAHALLESİ İZMİR ANKARA YOLU (ANSIZCA) ( KÜME EVLER ) NO: 361/1 KEMALPAŞA/İZMİR
2302829,252764,LİMİTED,EVKA 3,BORNOVA,73,MADENCİLİK VE MERMER GRUBU,ÖNDER ENDÜSTRİ PLASTİKLERİ VE METAL SANAYİ TİCARET LİMİTED ŞİRKETİ,EVKA 3 MAH. 129/14 SK. NO: 1 BORNOVA / İZMİR
2051401,219150,LİMİTED,KÜÇÜK ÇİĞLİ,ÇİĞLİ,73,MADENCİLİK VE MERMER GRUBU,ÖZ ESİN DEMİR ÇELİK SANAYİ VE DIŞ TİCARET LİMİTED ŞİRKETİ,KÜÇÜK ÇİĞLİ MAH. 8708/1 SK. NO: 11B ÇİĞLİ / İZMİR
1715341,185356,LİMİTED,FEVZİPAŞA,KONAK,73,MADENCİLİK VE MERMER GRUBU,ÖZ KUVARS MADENCİLİK SANAYİ VE TİCARET LİMİTED ŞİRKETİ ,FEVZİPAŞA MAHALLESİ 847/1 SOKAK NO:4/308 KONAK / İZMİR
2299867,249783,LİMİTED,KONAK,KONAK,73,MADENCİLİK VE MERMER GRUBU,ÖZ PERA MADENCİLİK İNŞAAT NAKLİYAT SANAYİ VE TİCARET LİMİTED ŞİRKETİ,KONAK MAH. MÜCİBUR RAHMAN SK. SALİHAĞA İŞHANI NO: 3 İÇ KAPI NO: 302 KONAK / İZMİR
2300632,250568,LİMİTED,ONUR,BALÇOVA,73,MADENCİLİK VE MERMER GRUBU,ÖZ VİNÇ DIŞ CEPHE YAPI İMALAT METAL HIRDAVAT SANAYİ VE TİCARET LİMİTED ŞİRKETİ,ONUR MAH. LİMON SK. DURU NO: 1 İÇ KAPI NO: 73 BALÇOVA / İZMİR
2294079,243974,LİMİTED,KAZIMDİRİK,BORNOVA,73,MADENCİLİK VE MERMER GRUBU,ÖZAL FİLMAŞİN ÇELİK SANAYİ TİCARET LİMİTED ŞİRKETİ,KAZIMDİRİK MAH. 342/1 SK. NO: 117B BORNOVA / İZMİR
2032401,217256,LİMİTED,YUNUS EMRE,BORNOVA,73,MADENCİLİK VE MERMER GRUBU,ÖZÇE DEMİR ÇELİK SANAYİ VE TİCARET LİMİTED ŞİRKETİ PINARBAŞI ŞUBESİ,YUNUS EMRE MAHALLESİ 7402/1 SOKAK NO: 1 N BORNOVA / İZMİR
2301379,251312,LİMİTED,FATİH,GAZİEMİR,73,MADENCİLİK VE MERMER GRUBU,ÖZEL ALÜMİNYUM METAL SANAYİ VE TİCARET LİMİTED ŞİRKETİ,FATİH MAH. 1207 SK. NO: 1 GAZİEMİR / İZMİR
2307639,257594,LİMİTED,OĞLANANASI ATATÜRK,MENDERES,73,MADENCİLİK VE MERMER GRUBU,ÖZEL ALÜMİNYUM METAL SANAYİ VE TİCARET LİMİTED ŞİRKETİ MENDERES ŞUBESİ,OĞLANANASI ATATÜRK MAH. 1 CAD. NO: 137 MENDERES / İZMİR
2002021,214155,ANONİM,BALATÇIK,ÇİĞLİ,73,MADENCİLİK VE MERMER GRUBU,ÖZERDEM DEMİR TAAHHÜT İNŞAAT PAZARLAMA SANAYİ VE TİCARET ANONİM ŞİRKETİ,BALATÇIK MAH. 8909/3 SK. A BLOK NO: 1A ÇİĞLİ / İZMİR
1685661,182447,LİMİTED,HÜRRİYET,BUCA,73,MADENCİLİK VE MERMER GRUBU,ÖZHAK ENERJİ MADENCİLİK PETROL ÜRÜNLERİ OTOMOTİV NAKLİYE TEKSTİL İTHALAT İHRACAT SANAYİ VE TİCARET LİMİTED ŞİRKETİ,HÜRRİYET MAHALLESİ MENDERES CADDESİ NO:395/A BUCA / İZMİR
1915251,205457,LİMİTED,İSMET İNÖNÜ,ÇEŞME,73,MADENCİLİK VE MERMER GRUBU,ÖZYAKIŞIR MERMER SANAYİ VE TİCARET LİMİTED ŞİRKETİ ,İSMET İNÖNÜ MAHALLESİ 2120 SK. NO: 32 A ÇEŞME / İZMİR
2253571,239504,ANONİM,KARACAOĞLAN,BORNOVA,73,MADENCİLİK VE MERMER GRUBU,ÖZYAVUZLAR İNŞAAT NAKLİYAT AKARYAKIT ASFALT MADENCİLİK TAAHHÜT TİCARET VE SANAYİ ANONİM ŞİRKETİ IŞIKKENT ŞUBESİ,KARACAOĞLAN MAHALLESİ BORNOVA CAD. KARDİK İŞ MERKEZİ BLOK NO: 12/1 İÇ BORNOVA / İZMİR
1707981,184640,LİMİTED,ADALET,BAYRAKLI,73,MADENCİLİK VE MERMER GRUBU,PEKALTINLAR DEMİR ÇELİK İNŞAAT NAKLİYE İTHALAT İHRACAT LİMİTED ŞİRKETİ,ADALET MAH. MANAS BUL. FOLKART TOWERS NO: 47B İÇ KAPI NO: 2601 BAYRAKLI / İZMİR
270211,44664,LİMİTED,ÇINARLI,KONAK,73,MADENCİLİK VE MERMER GRUBU,PERLİSAN MADENCİLİK VE İNŞAAT LİMİTED ŞİRKETİ,ÇINARLI MAHALLESİ ANKARA ASFALTI CAD. NO: 15/321 KONAK/İZMİR
2068071,220841,ANONİM,BUCAOSB,BUCA,73,MADENCİLİK VE MERMER GRUBU,PİXER MADENCİLİK ENERJİ SANAYİ VE TİCARET ANONİM ŞİRKETİ ,BUCAOSB MAHALLESİ 2/20 SK. NO:18 BUCA / İZMİR
1924041,206318,ANONİM,HALİLBEYLİ OSB,KEMALPAŞA,73,MADENCİLİK VE MERMER GRUBU,PLATİN BETON İNŞAAT İNTERNET BİLİŞİM HİZMETLERİ ANONİM ŞİRKETİ,HALİLBEYLİ OSB MAH. NİF CAD. NO: 7/1 KEMALPAŞA / İZMİR
2299892,249815,ANONİM,ADALET,BAYRAKLI,73,MADENCİLİK VE MERMER GRUBU,POLATSAN MADENCİLİK ENERJİ SANAYİ VE TİCARET ANONİM ŞİRKETİ,ADALET MAH. MANAS BUL. FOLKART TOWERS NO: 47B İÇ KAPI NO: 2601 BAYRAKLI / İZMİR
1356821,148702,ANONİM,YENİKÖY,MENDERES,73,MADENCİLİK VE MERMER GRUBU,POMZA EKSPORT MADENCİLİK SANAYİ VE TİCARET ANONİM ŞİRKETİ MENDERES ŞUBESİ,YENİKÖY MAH. MENDERES-ORHANLI YOLU SK. NO: 179/26 MENDERES / İZMİR
2018971,215867,ANONİM,YENİKÖY,MENDERES,73,MADENCİLİK VE MERMER GRUBU,POMZA EKSPORT MADENCİLİK SANAYİ VE TİCARET ANONİM ŞİRKETİ YENİKÖY ŞUBESİ,YENİKÖY MAHALLESİ MENDERES-ORHANLI YOLU SK. NO:179/22 MENDERES / İZMİR
1007701,112443,ANONİM,KÜNER,MENDERES,73,MADENCİLİK VE MERMER GRUBU,POMZA EKSPORT MADENCİLİK SANAYİİ VE TİCARET ANONİM ŞİRKETİ İZMİR ŞUBESİ,KÜNER MAHALLESİ 7801 SK. NO:94 MENDERES / İZMİR
1565351,169177,LİMİTED,ZAFER,BUCA,73,MADENCİLİK VE MERMER GRUBU,PRESTİJ İNŞAAT MERMER ALÜMİNYUM MOBİLYA NAKLİYE TURİZM SANAYİ VE TİCARET LİMİTED ŞİRKETİ,ZAFER MAHALLESİ 2349 SK. NO: 8 BUCA/İZMİR
2280491,242239,ANONİM,ADALET,BAYRAKLI,73,MADENCİLİK VE MERMER GRUBU,PRİZMA STEEL DEMİR DIŞ TİCARET ANONİM ŞİRKETİ,ADALET MAHALLESİ MANAS BUL. FOLKART TOWERS BLOK NO: 47B DAİRE:2601 BAYRAKLI / İZMİR
2227461,236881,LİMİTED,LATİFE HANIM,KARŞIYAKA,73,MADENCİLİK VE MERMER GRUBU,PROMER STONE MERMER İNŞAAT MADENCİLİK GIDA SANAYİ VE TİCARET LİMİTED ŞİRKETİ,LATİFE HANIM MAH. 7691 SK. NO: 2/3 KARŞIYAKA / İZMİR
1461801,158798,LİMİTED,KARACAOĞLAN,BORNOVA,73,MADENCİLİK VE MERMER GRUBU,PROMİNE MADENCİLİK MÜHENDİSLİK İNŞAAT KİMYA GERİ DÖNÜŞÜM GIDA SANAYİ VE TİCARET LİMİTED ŞİRKETİ,KARACAOĞLAN MAHALLESİ 6172/2 SOKAK NO:2 BORNOVA / İZMİR
1909311,204858,ANONİM,KAKLIÇ,ÇİĞLİ,73,MADENCİLİK VE MERMER GRUBU,QUALİTY N STYLE İÇ VE DIŞ TİCARET ANONİM ŞİRKETİ,KAKLIÇ MAHALLESİ 10310 SK. NO: 6 ÇİĞLİ/İZMİR
2296019,245939,LİMİTED,YENİDOĞAN,KONAK,73,MADENCİLİK VE MERMER GRUBU,RCN KÖMÜRCÜLÜK SANAYİ VE TİCARET LİMİTED ŞİRKETİ,YENİDOĞAN MAH. 1197 SK. NO: 1A KONAK / İZMİR
1980041,211993,LİMİTED,ONUR,BALÇOVA,73,MADENCİLİK VE MERMER GRUBU,REKOS MERMER İÇ VE DIŞ TİCARET SANAYİ LİMİTED ŞİRKETİ ,ONUR MAHALLESİ YEŞİL CAMİİ SK. NO:28/1 BALÇOVA / İZMİR
2249591,239115,LİMİTED,YUNUS EMRE,KARABAĞLAR,73,MADENCİLİK VE MERMER GRUBU,RİMA MERMER İNŞAAT MOBİLYA SANAYİ TİCARET LİMİTED ŞİRKETİ ,YUNUS EMRE MAHALLESİ 4194/1 SK. NO:3 KARABAĞLAR / İZMİR
2143911,228463,LİMİTED,HALKAPINAR,KONAK,73,MADENCİLİK VE MERMER GRUBU,ROTA BAKIR MAMULLERİ PAZARLAMA TİCARET VE SANAYİ LİMİTED ŞİRKETİ ,HALKAPINAR MAHALLESİ 1203/8 SOKAK NO:6/B KONAK / İZMİR
2124761,226536,ANONİM,MALTEPE,GÜZELBAHÇE,73,MADENCİLİK VE MERMER GRUBU,ROX MADENCİLİK İNŞAAT ENERJİ DENİZCİLİK ANONİM ŞİRKETİ ,MALTEPE MAHALLESİ MİTHATPAŞA CAD. NO: 117A GÜZELBAHÇE / İZMİR
2267661,240940,ANONİM,İSMET KAPTAN,KONAK,73,MADENCİLİK VE MERMER GRUBU,RS PROFİL SAC DEMİR TİCARET ANONİM ŞİRKETİ,İSMET KAPTAN MAH. HÜRRİYET BUL. NO: 11 İÇ KAPI NO: 21 KONAK / İZMİR
2161201,230194,LİMİTED,SEVGİ,GAZİEMİR,73,MADENCİLİK VE MERMER GRUBU,RSI ROYAL STONES INTERNATİONAL GRANİT MERMER SANAYİ VE TİCARET LİMİTED ŞİRKETİ,SEVGİ MAHALLESİ MENDERES CADDESİ NO: 34 GAZİEMİR / İZMİR
2168861,230968,ANONİM,MANSUROĞLU,BAYRAKLI,73,MADENCİLİK VE MERMER GRUBU,S8 MERMER VE MADENCİLİK ANONİM ŞİRKETİ ,MANSUROĞLU MAHALLESİ 286/3 SOK. NO:14/B BAYRAKLI / İZMİR
1231721,135795,LİMİTED,MERSİNLİ,KONAK,73,MADENCİLİK VE MERMER GRUBU,SAMTEK METAL PLASTİK SANAYİ VE TİCARET LİMİTED ŞİRKETİ ,MERSİNLİ MAHALLESİ 2830 SOKAK NO:11/A/A KONAK / İZMİR
2029401,216966,ANONİM,HALKAPINAR,KONAK,73,MADENCİLİK VE MERMER GRUBU,SANCAK METALÜRJİ SANAYİ VE TİCARET ANONİM ŞİRKETİ,HALKAPINAR MAH. 1490 SK. HACI MERDER İŞMERKEZ NO: 8H KONAK / İZMİR
1732351,187020,ANONİM,ÇINARLI,KONAK,73,MADENCİLİK VE MERMER GRUBU,SANCAKDAR ZEMİN TEKNOLOJİLERİ İNŞAAT PROJE DANIŞMANLIK TAAHHÜT SANAYİ VE TİCARET ANONİM ŞİRKETİ,ÇINARLI MAHALLESİ ŞEHİT POLİS FETHİ SEKİN CAD. NO: 1 İÇ KAPI NO: 0708 KONAK / İZMİR
2123571,226420,LİMİTED,EGEMENLİK,BORNOVA,73,MADENCİLİK VE MERMER GRUBU,SANCAKMAHRA KÖMÜRCÜLÜK İNŞAAT TURİZM OTOMOTİV İTHALAT İHRACAT SANAYİ VE TİCARET LİMİTED ŞİRKETİ,EGEMENLİK MAH. 6016/2 SK. NO: 9/1 BORNOVA / İZMİR
2187191,232840,ANONİM,KAZIMDİRİK,BORNOVA,73,MADENCİLİK VE MERMER GRUBU,SARDES MADENCİLİK ANONİM ŞİRKETİ,KAZIMDİRİK MAH. 284 SK. NO: 2 İÇ KAPI NO: 710 BORNOVA / İZMİR
2045891,218602,LİMİTED,DOĞANLAR,BORNOVA,73,MADENCİLİK VE MERMER GRUBU,SDF DEMİR ÇELİK ÜRÜNLERİ SANAYİ VE TİCARET LİMİTED ŞİRKETİ İZMİR ŞUBESİ,DOĞANLAR MAHALLESİ 1424 SOKAK NO:24 BORNOVA / İZMİR
2014241,215434,LİMİTED,CUMHURİYET,KEMALPAŞA,73,MADENCİLİK VE MERMER GRUBU,SEGA ÇELİK METAL ÜRÜNLERİ SANAYİ TİCARET LİMİTED ŞİRKETİ,CUMHURİYET MAHALLESİ ADNAN MENDERES BLV. NO: 59 /1 KEMALPAŞA/İZMİR
1997811,213760,LİMİTED,ULUCAK CUMHURİYET,KEMALPAŞA,73,MADENCİLİK VE MERMER GRUBU,SEGA EXPORT İTHALAT İHRACAT SANAYİ VE TİCARET LİMİTED ŞİRKETİ,ULUCAK CUMHURİYET MAH. ADNAN MENDERES BUL. NO: 59/1 KEMALPAŞA / İZMİR
2299914,249840,LİMİTED,ZAFER,BUCA,73,MADENCİLİK VE MERMER GRUBU,SEHANMER MERMER SANAYİ VE TİCARET LİMİTED ŞİRKETİ,ZAFER MAH. 2335 SK. NO: 30/1B BUCA / İZMİR
2298072,248003,LİMİTED,EGEMENLİK,BORNOVA,73,MADENCİLİK VE MERMER GRUBU,SEMPRE ÇÖZÜM MAKİNA SARF MALZEMELERİ SANAYİ VE TİCARET LİMİTED ŞİRKETİ,EGEMENLİK MAH. 6083 SK. NO: 20A BORNOVA / İZMİR
1737891,187564,ANONİM,KARAKÖY,ÇEŞME,73,MADENCİLİK VE MERMER GRUBU,SERCAN SUNAY MADENCİLİK DANIŞMANLIK SANAYİ VE TİCARET ANONİM ŞİRKETİ ,KARAKÖY MAHALLESİ CUMHURİYET CAD. NO:1 ÇEŞME / İZMİR
2030971,217124,ANONİM,ADALET,BAYRAKLI,73,MADENCİLİK VE MERMER GRUBU,SERPAŞ MADENCİLİK ENERJİ PETROL TARIM BİYOSİDAL İLAÇ İTHALAT İHRACAT SANAYİ TİCARET ANONİM ŞİRKETİ,ADALET MAHALLESİ MANAS BLV. FOLKART TOWERS APT. NO: 47 B/2601 BAYRAKLI/İZMİR
2302974,252909,LİMİTED,YUNUS EMRE,KARABAĞLAR,73,MADENCİLİK VE MERMER GRUBU,SERTUNÇLAR METAL HIRDAVAT YAPI MALZEMELERİ HAFRİYAT VE SANAYİ TİCARET LİMİTED ŞİRKETİ,YUNUS EMRE MAH. 4152 SK. NO: 15A KARABAĞLAR / İZMİR
1148991,127803,LİMİTED,EVKA-3,BORNOVA,73,MADENCİLİK VE MERMER GRUBU,SİLTAŞ MERMER DEKORASYON VE İNŞAAT TURİZM SANAYİ TİCARET LİMİTED ŞİRKETİ,EVKA-3 MAHALLESİ 121 SOK. NO: 20 A BORNOVA / İZMİR
2215301,235660,LİMİTED,MANSUROĞLU,BAYRAKLI,73,MADENCİLİK VE MERMER GRUBU,SLAVROSS MADENCİLİK TİCARET LİMİTED ŞİRKETİ ,MANSUROĞLU MAHALLESİ 288/4 SK. NO: 10 İÇ KAPI NO: 48 BAYRAKLI / İZMİR
2156661,229739,LİMİTED,ÇINARLI,KONAK,73,MADENCİLİK VE MERMER GRUBU,SMP MADENCİLİK MÜHENDİSLİK SANAYİ VE TİCARET LİMİTED ŞİRKETİ,ÇINARLI MAH. ANADOLU CAD. NO: 19/1 İÇ KAPI NO: 52 KONAK / İZMİR
1598921,173754,LİMİTED,İSMET KAPTAN,KONAK,73,MADENCİLİK VE MERMER GRUBU,SOLTO MERMER SANAYİ VE TİCARET LİMİTED ŞİRKETİ ,İSMET KAPTAN MAHALLESİ GAZİ BULV. NO:112/501 KONAK / İZMİR
811711,89825,ANONİM,AKDENİZ,KONAK,73,MADENCİLİK VE MERMER GRUBU,SOYLU ENDÜSTRİYEL HAM MADDELER MADEN ÜRETİM NAKLİYAT PAZARLAMA VE TİCARET ANONİM ŞİRKETİ,AKDENİZ MAH. GAZİ BUL. NO: 57 İÇ KAPI NO: 75 KONAK / İZMİR
2305722,255670,ANONİM,AKDENİZ,KONAK,73,MADENCİLİK VE MERMER GRUBU,SR GROUP MADENCİLİK SANAYİ VE TİCARET ANONİM ŞİRKETİ,AKDENİZ MAH. ŞEHİT FETHİBEY CAD. ERBOY İŞHANI NO: 41 İÇ KAPI NO: 304 KONAK / İZMİR
2301865,251801,ANONİM,EFELER,BUCA,73,MADENCİLİK VE MERMER GRUBU,SRA DIŞ TİCARET ANONİM ŞİRKETİ İZMİR ŞUBESİ,EFELER MAH. UĞUR MUMCU CAD. NO: 130 BUCA / İZMİR
1081621,120542,LİMİTED,KAKLIÇ,ÇİĞLİ,73,MADENCİLİK VE MERMER GRUBU,STONAS DOĞAL TAŞ SANAYİ VE TİCARET LİMİTED ŞİRKETİ ,KAKLIÇ MAHALLESİ İZMİR CAD. . ENSMET BLOK NO: 18 İÇ KAPI NO: 1 ÇİĞLİ / İZMİR
1203091,133382,LİMİTED,KEMALPAŞA,MENDERES,73,MADENCİLİK VE MERMER GRUBU,SUDE DEMİREL İNŞAAT AKÜ VE MALZEMELERİ ARAÇ KİRALAMA MADENCİLİK SANAYİ VE TİCARET LİMİTED ŞİRKETİ,KEMALPAŞA MAHALLESİ ATATÜRK CAD. NO: 80/12 MENDERES/İZMİR
1692861,183164,LİMİTED,KUYUCAK,MENDERES,73,MADENCİLİK VE MERMER GRUBU,SUDE DEMİREL İNŞAAT AKÜ VE MALZEMELERİ ARAÇ KİRALAMA MADENCİLİK SANAYİ VE TİCARET LİMİTED ŞİRKETİ SEFERİHİSAR ŞUBESİ,KUYUCAK MAH. ASKİ KÖY KÜME EVLERİ NO: 1 MENDERES / İZMİR
1068791,119270,LİMİTED,ÇINARLI,KONAK,73,MADENCİLİK VE MERMER GRUBU,SULBAY İNŞAAT GIDA VE TURİZM SANAYİ VE TİCARET LİMİTED ŞİRKETİ,ÇINARLI MAH. ANADOLU CAD. NO: 19/1 İÇ KAPI NO: 66 KONAK / İZMİR
582311,120087,LİMİTED,ÇAMTEPE,NARLIDERE,73,MADENCİLİK VE MERMER GRUBU,SUMET YERBİLİMLERİ SONDAJCILIK VE MALZEMELERİ SANAYİ VE TİCARET LİMİTED ŞİRKETİ,ÇAMTEPE MAHALLESİ MİTHATPAŞA CAD. A BLOK APT. NO: 267/1 NARLIDERE/İZMİR
2248441,238978,ANONİM,KEMALPAŞA OSB,KEMALPAŞA,73,MADENCİLİK VE MERMER GRUBU,SWEN MADENCİLİK VE GIDA ÜRÜNLERİ NAKLİYE İNŞAAT ANONİM ŞİRKETİ,KEMALPAŞA OSB MAH. KEMALPAŞA ASFALTI 2.ÇIKMAZ SK. STANDART MODULER YAPI NO: 4 KEMALPAŞA / İZMİR
1427251,155399,ANONİM,HALKAPINAR,KONAK,73,MADENCİLİK VE MERMER GRUBU,ŞAHİKA MADENCİLİK NAKLİYAT MAKİNE İNŞAAT AMBALAJ TURİZM SANAYİ TİCARET ANONİM ŞİRKETİ,HALKAPINAR MAH. 1203/11 SK. NO: 5-7 İÇ KAPI NO: 231 KONAK / İZMİR
438841,63183,ANONİM,ÖRNEKKÖY,KARŞIYAKA,73,MADENCİLİK VE MERMER GRUBU,ŞATIR MADENCİLİK MERMERCİLİK İNŞAAT SANAYİ VE TİCARET ANONİM ŞİRKETİ,ÖRNEKKÖY MAH. 1847/3 SK. NO: 54/1 İÇ KAPI NO: 1 KARŞIYAKA / İZMİR
2170631,231145,LİMİTED,ALSANCAK,KONAK,73,MADENCİLİK VE MERMER GRUBU,ŞÜKRİYE KAYALI TİCARET İNŞAAT İNŞAAT MALZEMELERİ DAYANIKLI TÜKETİM  MALLARI MOBİLYA SANAYİ VE TİCARET LİMİTED ŞİRKETİ ALSANCAK ŞUBESİ,ALSANCAK MAHALLESİ 1463 SOKAK NO: 20A KONAK / İZMİR
1277171,141037,LİMİTED,AYDINHATBOYU CAD. NO:610/1/1 SEYHAN,BUCA,73,MADENCİLİK VE MERMER GRUBU,TARIMER MERMER İNŞAAT MÜHENDİSLİK SANAYİ VE TİCARET LİMİTED ŞİRKETİ ,AYDINHATBOYU CAD. NO:610/1/1 SEYHAN MAH. BUCA / İZMİR
1882231,202133,ANONİM,İSMET KAPTAN,KONAK,73,MADENCİLİK VE MERMER GRUBU,TAŞER MERMER MADENCİLİK İNŞAAT TURİZM NAKLİYAT SANAYİ TİCARET ANONİM ŞİRKETİ,İSMET KAPTAN MAHALLESİ ŞEVKET ÖZÇELİK SK. GÜVEN ISHANI APT. NO: 59/101 KONAK/İZMİR
1452981,157885,LİMİTED,ZAFER,BUCA,73,MADENCİLİK VE MERMER GRUBU,TAŞSARAY MERMER GRANİT İNŞAAT İTHALAT İHRACAT SANAYİ VE TİCARET LİMİTED ŞİRKETİ,ZAFER MAHALLESİ TURGUT ÖZAL CAD. NO:93 BUCA / İZMİR
2301541,251492,LİMİTED,ADALET,BAYRAKLI,73,MADENCİLİK VE MERMER GRUBU,TECOM MİNERAL ÜRETİM VE TİCARET LİMİTED ŞİRKETİ,ADALET MAH. MANAS BUL. FOLKART TOWERS NO: 47B İÇ KAPI NO: 3406 BAYRAKLI / İZMİR
1998001,213814,LİMİTED,ÇINARLI,KONAK,73,MADENCİLİK VE MERMER GRUBU,TECOM SANAYİ VE TİCARET LİMİTED ŞİRKETİ,ÇINARLI MAH. ANKARA ASFALTI CAD. NO: 15 İÇ KAPI NO: 391 KONAK / İZMİR
2234061,237555,LİMİTED,SEYHAN,BUCA,73,MADENCİLİK VE MERMER GRUBU,TEMAKSAN METAL PROFİL MOBİLYA MADENİ EŞYA SANAYİ VE TİCARET LİMİTED  ŞİRKETİ,SEYHAN MAHALLESİ 653/3 SK. NO: 11 İÇ KAPI NO: 2 BUCA / İZMİR
2306033,255985,LİMİTED,OĞLANANASI ATATÜRK,MENDERES,73,MADENCİLİK VE MERMER GRUBU,TERRAZZO MERMER MADEN SANAYİ VE TİCARET LİMİTED ŞİRKETİ,OĞLANANASI ATATÜRK MAH. 7037 SK. NO: 40 MENDERES / İZMİR
1725781,186377,LİMİTED,ALSANCAK,KONAK,73,MADENCİLİK VE MERMER GRUBU,TİBET MADENCİLİK SANAYİ VE TİCARET LİMİTED ŞİRKETİ ,ALSANCAK MAHALLESİ 1479 SOKAK NO:16 DAİRE:12 KONAK / İZMİR
2295563,245478,LİMİTED,ADALET,BAYRAKLI,73,MADENCİLİK VE MERMER GRUBU,TİMMETALL METALÜRJİ DIŞ TİCARET PAZARLAMA SANAYİ VE TİCARET LİMİTED ŞİRKETİ,ADALET MAH. MANAS BUL. NO: 39 İÇ KAPI NO: 3408 BAYRAKLI / İZMİR
2280661,242230,LİMİTED,BİNBAŞI REŞATBEY,GAZİEMİR,73,MADENCİLİK VE MERMER GRUBU,TİRYAKİ MERMER İNŞAAT OTOMOTİV SANAYİ VE TİCARET LİMİTED ŞİRKETİ,BİNBAŞI REŞATBEY MAH. 351 SK. NO: 53 GAZİEMİR / İZMİR
2298512,248426,LİMİTED,HÜRRİYET,MENDERES,73,MADENCİLİK VE MERMER GRUBU,TORLUK KÖMÜRCÜLÜK GIDA SANAYİ VE TİCARET LİMİTED ŞİRKETİ,HÜRRİYET MAH. 5113 SK. KERESTECILER ÇARŞISI SİTESİ NO: 52 MENDERES / İZMİR
2230011,237147,LİMİTED,ATIFBEY,GAZİEMİR,73,MADENCİLİK VE MERMER GRUBU,TROYKA ALÜMİNYUM SİSTEM ÇÖZÜMLERİ SANAYİ TİCARET LİMİTED ŞİRKETİ,ATIFBEY MAH. 5/3 SK. NO: 1 İÇ KAPI NO: 102 GAZİEMİR / İZMİR
1593171,173181,LİMİTED,İSMET KAPTAN,KONAK,73,MADENCİLİK VE MERMER GRUBU,TUNÇMER MADENCİLİK SANAYİ VE TİCARET LİMİTED ŞİRKETİ,İSMET KAPTAN MAHALLESİ GAZİ BULVARI NO:112/501 SUSUZLU İŞ MERKEZİ BLOK KONAK / İZMİR
1895061,203446,ANONİM,85.YIL CUMHURİYET,KEMALPAŞA,73,MADENCİLİK VE MERMER GRUBU,TURAN ÖZCAN SONDAJ SANAYİ VE TİCARET ANONİM ŞİRKETİ,85.YIL CUMHURİYET MAHALLESİ SANAYİ CAD. NO: 27 A KEMALPAŞA/İZMİR
349111,146378,ANONİM,GAZİ,GAZİEMİR,73,MADENCİLİK VE MERMER GRUBU,TURİZM-YAPI TİCARET VE SANAYİ ANONİM ŞİRKETİ ,GAZİ MAHALLESİ ABDULLAH ARDA MEYDANI NO:34 MEYDAN İŞ MERKEZİ KAT:3 DAİRE:304 GAZİEMİR / İZMİR
2305978,255929,LİMİTED,AKDENİZ,KONAK,73,MADENCİLİK VE MERMER GRUBU,TURKİSH GLOBAL ALLOYS MADENCİLİK İTHALAT İHRACAT LİMİTED ŞİRKETİ,AKDENİZ MAH. ŞEHİT FETHİBEY CAD. HERİS TOWER NO: 55 İÇ KAPI NO: 091 KONAK / İZMİR
2008881,214909,ANONİM,YAKAKÖY,BORNOVA,73,MADENCİLİK VE MERMER GRUBU,UMET UYAROĞLU METAL SANAYİİ VE TİCARET ANONİM ŞİRKETİ TAŞOCAĞI ŞUBESİ,YAKAKÖY MAHALLESİ 9501 SK. NO:17 BORNOVA / İZMİR
1747581,188535,LİMİTED,ATATÜRK,BUCA,73,MADENCİLİK VE MERMER GRUBU,UZAY MERMER SANAYİ İTHALAT İHRACAT TİCARET LİMİTED ŞİRKETİ İZMİR  ŞUBESİ,ATATÜRK MAHALLESİ AHMET YESEVİ CAD. NO:122/A BUCA / İZMİR
675001,8439,LİMİTED,MERSİNLİ,KONAK,73,MADENCİLİK VE MERMER GRUBU,ÜNSAL MAKİNE MÜHENDİSLİK TAAHHÜT SERVİS VE TİCARET LİMİTED ŞİRKETİ,MERSİNLİ MAHALLESİ 1202/2 SOKAK NO:80/F KONAK/İZMİR
566771,98539,LİMİTED,İNÖNÜ,GÜMÜLDÜR,73,MADENCİLİK VE MERMER GRUBU,ÜZER MERMERCİLİK İNŞAAT SANAYİ VE TİCARET LİMİTED ŞİRKETİ ,İNÖNÜ MAHALLESİ ÜRÜNCÜLER SOK. NO:1 GÜMÜLDÜR / İZMİR
698181,8980,LİMİTED,SASALI MERKEZ,ÇİĞLİ,73,MADENCİLİK VE MERMER GRUBU,VAROL MERMER SERAMİK DEKORASYON SANAYİ VE TİCARET LİMİTED ŞİRKETİ,SASALI MERKEZ MAHALLESİ 31 SK. NO:15 ÇİĞLİ / İZMİR
1906061,204532,LİMİTED,KONAK,KONAK,73,MADENCİLİK VE MERMER GRUBU,YAĞIZ KATI YAKIT ÜRÜNLERİ İNŞAAT GIDA SANAYİ VE TİCARET LİMİTED ŞİRKET,KONAK MAHALLESİ MÜCİBUR RAHMAN SOKAK SALİHAĞA İŞHANI BLOK NO: 3 İÇ KAPI NO: 528 KONAK / İZMİR
1406161,153526,LİMİTED,ZEYTİNALANI,URLA,73,MADENCİLİK VE MERMER GRUBU,YANO BAKIR İŞLETMELERİ VE MADENCİLİK SANAYİ VE TİCARET LİMİTED ŞİRKETİ,ZEYTİNALANI MAHALLESİ 4119 SOKAK NO:6/1 ÖZÇAĞRI SİTESİ PAPATYA APT. ZEYTİNALANI URLA/İZMİR
717041,84550,LİMİTED,YENİKALE,NARLIDERE,73,MADENCİLİK VE MERMER GRUBU,YAŞAR MERMER VE İNŞAAT SANAYİ VE TİCARET LİMİTED ŞİRKETİ,YENİKALE MAH. MİTHATPAŞA CAD. NO:218/10 NARLIDERE / İZMİR
2118851,225937,LİMİTED,YEŞİLBAĞLAR,BUCA,73,MADENCİLİK VE MERMER GRUBU,YAŞAROĞULLARI MADENCİLİK MÜTEAHHİTLİK NAKLİYAT GIDA SANAYİ VE TİCARET LİMİTED ŞİRKETİ,YEŞİLBAĞLAR MAHALLESİ 647/28 SK. NO: 9A BUCA / İZMİR
2254861,239644,LİMİTED,ADALET,BAYRAKLI,73,MADENCİLİK VE MERMER GRUBU,YERLİ ENERJİ MADENCİLİK İÇ VE DIŞ TİCARET LİMİTED ŞİRKETİ ,ADALET MAHALLESİ MANAS BULVARI FOLKART TOWERS BLOK NO: 47B İÇ KAPI NO:2601 BAYRAKLI / İZMİR
2193421,233456,LİMİTED,MANSUROĞLU,BAYRAKLI,73,MADENCİLİK VE MERMER GRUBU,YILSAN KÖMÜR OFİSİ LOJİSTİK SANAYİ VE TİCARET LİMİTED ŞİRKETİ ,MANSUROĞLU MAHALLESİ 1593/1 SOK. LIDER CENTRIO BLOK NO: 2 İÇ KAPI NO: 65 BAYRAKLI / İZMİR
1337301,146879,LİMİTED,KEMALPAŞA,BORNOVA,73,MADENCİLİK VE MERMER GRUBU,YİĞMER TARIM GÜBRE ZİRAİ İLAÇ KİMYA GIDA TURİZM İNŞAAT PAZARLAMA SANAYİ VE TİCARET LİMİTED ŞİRKETİ,KEMALPAŞA MAHALLESİ 7087/4 SOKAK NO: 10 /3/3 BORNOVA / İZMİR
2298060,247990,LİMİTED,BOSTANLI,KARŞIYAKA,73,MADENCİLİK VE MERMER GRUBU,YK KÜÇÜKLER METAL DEMİR ÇELİK SANAYİ DIŞ TİCARET LİMİTED ŞİRKETİ,BOSTANLI MAH. CEMAL GÜRSEL CAD. GÜLER NO: 494 İÇ KAPI NO: 1 KARŞIYAKA / İZMİR
1884551,202370,ANONİM,GERMİYAN,ÇEŞME,73,MADENCİLİK VE MERMER GRUBU,YKE YAPI TAAHHÜT LOJİSTİK ENERJİ MADENCİLİK TEKSTİL TURİZM SEYAHAT ACENTE SANAYİ VE TİCARET ANONİM ŞİRKETİ,GERMİYAN MAHALLESİ OCAK ( KÜME EVLER ) NO: 22 ÇEŞME/İZMİR
2170731,231154,LİMİTED,EGEMENLİK,BORNOVA,73,MADENCİLİK VE MERMER GRUBU,YKF KÖMÜRCÜLÜK İNŞAAT TURİZM İTHALAT İHRACAT SANAYİ VE TİCARET LİMİTED ŞİRKETİ,EGEMENLİK MAHALLESİ 6016/2 SOKAK NO: 9/1 BORNOVA / İZMİR
1035211,115407,LİMİTED,GÜRPINAR,BORNOVA,73,MADENCİLİK VE MERMER GRUBU,YUNUS EMRE BAYKAL DEMİR ÇELİK İNŞAAT SANAYİ VE TİCARET LİMİTED ŞİRKETİ ,GÜRPINAR MAHALLESİ 7004/7 SOK. NO:4/1 DEPO NO:1 BORNOVA / İZMİR
2157181,229794,ANONİM,KARAKUYU,MENDERES,73,MADENCİLİK VE MERMER GRUBU,Z A MADENCİLİK SANAYİ VE TİCARET ANONİM ŞİRKETİ MENDERES ŞUBESİ,KARAKUYU MAH. 7655 SK. NO: 124 MENDERES / İZMİR
1505931,163203,LİMİTED,MİMAR SİNAN,KONAK,73,MADENCİLİK VE MERMER GRUBU,ZG OLİVİN MADENCİLİK SANAYİ VE TİCARET LİMİTED ŞİRKETİ,MİMAR SİNAN MAH. IŞILAY SAYGIN SK. SEVİLEN NO: 1 İÇ KAPI NO: 3 KONAK / İZMİR
1301651,143336,ANONİM,BAYRAKLI,BAYRAKLI,73,MADENCİLİK VE MERMER GRUBU,ZMS DEMİR KÖMÜR PETROL ÜRÜNLERİ SANAYİ VE TİCARET ANONİM ŞİRKETİ,BAYRAKLI MAH. ANADOLU CAD. NO: 57 BAYRAKLI / İZMİR
